DATE,HOME_ABBR,VISITOR_ABBR,PTS_home,PTS_away,MARGIN,HOME_TEAM_WINS,FG_PCT_home,FT_PCT_home,FG3_PCT_home,AST_home,REB_home,FG_PCT_away,FT_PCT_away,FG3_PCT_away,AST_away,REB_away
2021-10-19,MIL,BRK,127,104,23,1,0.457,0.778,0.378,25,54,0.44,0.565,0.531,19,44
2021-10-19,LAL,GSW,114,121,-7,0,0.474,0.474,0.35700000000000004,21,45,0.441,0.833,0.359,30,50
2021-10-20,CHO,IND,123,122,1,1,0.43,0.667,0.419,29,46,0.467,0.875,0.362,29,51
2021-10-20,DET,CHI,88,94,-6,0,0.4,0.769,0.214,17,47,0.43,0.867,0.304,18,48
2021-10-20,NYK,BOS,138,134,4,1,0.486,0.7040000000000001,0.378,27,55,0.41,0.7390000000000001,0.368,34,56
2021-10-20,TOR,WAS,83,98,-15,0,0.309,0.727,0.206,14,54,0.444,0.8079999999999999,0.185,20,51
2021-10-20,MEM,CLE,132,121,11,1,0.53,1.0,0.424,28,53,0.505,0.722,0.368,38,36
2021-10-20,MIN,HOU,124,106,18,1,0.483,0.774,0.421,26,46,0.455,0.682,0.333,21,41
2021-10-20,NOP,PHI,97,117,-20,0,0.419,0.667,0.433,28,44,0.518,0.8,0.52,24,47
2021-10-20,SAS,ORL,123,97,26,1,0.5,0.667,0.433,32,43,0.407,0.7829999999999999,0.31,17,44
2021-10-20,UTA,OKC,107,86,21,1,0.44,0.867,0.298,18,53,0.374,0.611,0.2,19,50
2021-10-20,POR,SAC,121,124,-3,0,0.484,0.8640000000000001,0.343,25,49,0.457,0.7929999999999999,0.415,24,43
2021-10-20,PHO,DEN,98,110,-12,0,0.414,0.706,0.378,23,45,0.53,0.556,0.436,25,46
2021-10-21,ATL,DAL,113,87,26,1,0.479,0.889,0.429,31,55,0.333,0.923,0.302,16,50
2021-10-21,MIA,MIL,137,95,42,1,0.531,0.645,0.429,28,58,0.381,0.655,0.28600000000000003,19,38
2021-10-21,GSW,LAC,115,113,2,1,0.518,0.636,0.484,27,53,0.438,0.7140000000000001,0.35,24,39
2021-10-22,ORL,NYK,96,121,-25,0,0.398,0.867,0.395,24,46,0.5,0.529,0.444,34,38
2021-10-22,WAS,IND,135,134,1,1,0.521,0.947,0.5,24,38,0.536,0.75,0.441,28,42
2021-10-22,CLE,CHO,112,123,-11,0,0.512,0.85,0.29,26,36,0.527,0.8240000000000001,0.406,32,46
2021-10-22,BOS,TOR,83,115,-32,0,0.39,0.727,0.324,19,42,0.42,1.0,0.28600000000000003,22,60
2021-10-22,PHI,BRK,109,114,-5,0,0.473,0.818,0.389,17,35,0.466,0.833,0.316,26,47
2021-10-22,HOU,OKC,124,91,33,1,0.505,0.7859999999999999,0.447,29,54,0.374,0.563,0.326,22,39
2021-10-22,CHI,NOP,128,112,16,1,0.528,0.8,0.5,32,46,0.483,0.813,0.517,26,42
2021-10-22,DEN,SAS,102,96,6,1,0.512,0.625,0.3,26,41,0.476,0.7140000000000001,0.25,24,39
2021-10-22,LAL,PHO,105,115,-10,0,0.395,0.759,0.441,25,46,0.488,0.75,0.313,31,47
2021-10-22,SAC,UTA,101,110,-9,0,0.394,0.7140000000000001,0.222,20,52,0.411,0.87,0.381,16,51
2021-10-23,CLE,ATL,101,95,6,1,0.416,0.741,0.25,23,54,0.384,0.6,0.294,20,54
2021-10-23,IND,MIA,102,91,11,1,0.392,0.762,0.256,18,55,0.385,0.857,0.273,18,55
2021-10-23,TOR,DAL,95,103,-8,0,0.4,0.696,0.297,17,49,0.418,0.722,0.333,24,50
2021-10-23,CHI,DET,97,82,15,1,0.417,0.8420000000000001,0.423,24,42,0.386,0.6,0.179,14,53
2021-10-23,MIN,NOP,96,89,7,1,0.406,0.6,0.316,22,47,0.348,0.7829999999999999,0.225,15,61
2021-10-23,SAS,MIL,111,121,-10,0,0.485,0.833,0.256,29,38,0.53,0.818,0.429,21,44
2021-10-23,POR,PHO,134,105,29,1,0.5429999999999999,0.647,0.42,24,48,0.483,0.667,0.321,27,38
2021-10-23,LAC,MEM,114,120,-6,0,0.434,0.882,0.333,23,44,0.467,0.84,0.417,26,48
2021-10-24,BRK,CHO,95,111,-16,0,0.4370000000000001,0.833,0.257,18,44,0.457,0.789,0.333,26,48
2021-10-24,HOU,BOS,97,107,-10,0,0.4270000000000001,0.792,0.438,20,40,0.442,0.8,0.319,22,43
2021-10-24,NYK,ORL,104,110,-6,0,0.37,0.68,0.271,20,52,0.409,0.765,0.279,22,57
2021-10-24,OKC,PHI,103,115,-12,0,0.476,0.789,0.258,24,42,0.466,0.8,0.415,25,47
2021-10-24,SAC,GSW,107,119,-12,0,0.488,0.615,0.326,26,47,0.443,0.833,0.35100000000000003,26,43
2021-10-24,LAL,MEM,121,118,3,1,0.536,0.682,0.5329999999999999,29,36,0.45,0.833,0.371,25,49
2021-10-25,CHO,BOS,129,140,-11,0,0.447,0.643,0.4320000000000001,26,52,0.495,0.84,0.38,33,53
2021-10-25,IND,MIL,109,119,-10,0,0.444,0.882,0.389,23,47,0.482,0.8390000000000001,0.344,24,42
2021-10-25,TOR,CHI,108,111,-3,0,0.482,0.8,0.4,27,47,0.481,0.955,0.444,24,29
2021-10-25,MIA,ORL,107,90,17,1,0.471,1.0,0.222,28,42,0.407,0.632,0.273,21,39
2021-10-25,BRK,WAS,104,90,14,1,0.426,0.8240000000000001,0.28600000000000003,23,54,0.34700000000000003,0.75,0.231,16,53
2021-10-25,ATL,DET,122,104,18,1,0.511,0.857,0.375,24,49,0.44,0.833,0.273,26,36
2021-10-25,MIN,NOP,98,107,-9,0,0.344,0.778,0.3,20,41,0.448,0.826,0.333,19,60
2021-10-25,DEN,CLE,87,99,-12,0,0.407,0.667,0.237,21,47,0.463,0.8,0.28,26,49
2021-10-25,LAC,POR,116,86,30,1,0.473,0.737,0.326,37,43,0.376,0.778,0.21600000000000005,15,47
2021-10-26,NYK,PHI,112,99,13,1,0.471,0.933,0.4320000000000001,24,45,0.439,0.882,0.293,24,40
2021-10-26,OKC,GSW,98,106,-8,0,0.419,0.8240000000000001,0.353,19,42,0.47,0.778,0.35,30,46
2021-10-26,SAS,LAL,121,125,-4,0,0.444,0.545,0.361,33,59,0.476,0.773,0.267,20,56
2021-10-26,DAL,HOU,116,106,10,1,0.462,0.72,0.279,25,50,0.419,0.6920000000000001,0.41,24,49
2021-10-26,UTA,DEN,122,110,12,1,0.518,0.759,0.308,20,41,0.506,0.667,0.35700000000000004,19,35
2021-10-27,ORL,CHO,111,120,-9,0,0.489,0.769,0.375,22,33,0.518,0.833,0.467,22,40
2021-10-27,BOS,WAS,107,116,-9,0,0.435,0.821,0.345,18,37,0.512,0.7240000000000001,0.36,18,47
2021-10-27,BRK,MIA,93,106,-13,0,0.388,0.929,0.326,21,42,0.396,0.846,0.276,21,62
2021-10-27,TOR,IND,118,100,18,1,0.46,0.632,0.467,22,41,0.481,0.8240000000000001,0.345,19,40
2021-10-27,NOP,ATL,99,102,-3,0,0.43,0.889,0.306,24,44,0.417,0.8240000000000001,0.267,21,55
2021-10-27,MIL,MIN,108,113,-5,0,0.411,0.762,0.275,22,43,0.473,0.8240000000000001,0.289,29,49
2021-10-27,OKC,LAL,123,115,8,1,0.5,0.759,0.405,21,42,0.5,0.857,0.314,29,40
2021-10-27,PHO,SAC,107,110,-3,0,0.452,0.708,0.273,23,56,0.442,0.733,0.395,28,40
2021-10-27,POR,MEM,116,96,20,1,0.464,0.742,0.417,22,48,0.365,0.474,0.34,27,50
2021-10-27,LAC,CLE,79,92,-13,0,0.35600000000000004,0.615,0.22,19,36,0.407,0.852,0.15,12,57
2021-10-28,WAS,ATL,122,111,11,1,0.465,0.81,0.382,26,51,0.545,0.643,0.28600000000000003,26,43
2021-10-28,PHI,DET,110,102,8,1,0.5,0.917,0.444,22,46,0.407,0.7040000000000001,0.333,22,37
2021-10-28,HOU,UTA,91,122,-31,0,0.326,0.87,0.205,15,41,0.482,0.8,0.348,24,58
2021-10-28,CHI,NYK,103,104,-1,0,0.429,0.909,0.344,25,37,0.459,0.75,0.379,16,49
2021-10-28,DAL,SAS,104,99,5,1,0.461,0.308,0.4,18,45,0.443,0.6,0.4,21,48
2021-10-28,GSW,MEM,101,104,-3,0,0.433,0.75,0.35,29,48,0.402,1.0,0.25,25,51
2021-10-29,TOR,ORL,110,109,1,1,0.5,0.682,0.3,18,40,0.471,0.688,0.471,24,46
2021-10-29,MIA,CHO,114,99,15,1,0.473,1.0,0.257,23,60,0.389,0.727,0.35100000000000003,21,37
2021-10-29,BRK,IND,105,98,7,1,0.447,0.7559999999999999,0.231,20,50,0.398,0.696,0.276,20,46
2021-10-29,NOP,SAC,109,113,-4,0,0.429,0.64,0.265,18,49,0.5,0.96,0.333,19,45
2021-10-29,DEN,DAL,106,75,31,1,0.518,0.6920000000000001,0.306,28,51,0.295,0.778,0.21600000000000005,14,36
2021-10-29,POR,LAC,111,92,19,1,0.418,0.625,0.463,21,63,0.391,0.563,0.35700000000000004,17,43
2021-10-29,LAL,CLE,113,101,12,1,0.5479999999999999,0.9,0.444,24,42,0.425,0.682,0.353,28,36
2021-10-30,WAS,BOS,115,112,3,1,0.365,0.8059999999999999,0.278,19,62,0.411,0.88,0.077,23,54
2021-10-30,DET,ORL,110,103,7,1,0.404,0.8,0.326,26,48,0.4370000000000001,0.733,0.5,21,46
2021-10-30,NOP,NYK,117,123,-6,0,0.457,0.917,0.333,30,43,0.519,0.8,0.5760000000000001,22,37
2021-10-30,IND,TOR,94,97,-3,0,0.4320000000000001,0.688,0.302,25,40,0.424,0.667,0.344,18,48
2021-10-30,PHI,ATL,122,94,28,1,0.535,0.947,0.316,24,37,0.379,0.737,0.364,24,49
2021-10-30,CHI,UTA,107,99,8,1,0.429,0.8,0.238,16,45,0.38,0.947,0.289,15,54
2021-10-30,MEM,MIA,103,129,-26,0,0.386,0.905,0.32,26,32,0.523,0.8420000000000001,0.568,31,50
2021-10-30,MIL,SAS,93,102,-9,0,0.404,0.688,0.256,20,52,0.411,0.708,0.226,28,49
2021-10-30,GSW,OKC,103,82,21,1,0.424,0.5,0.389,30,56,0.349,0.762,0.205,14,45
2021-10-30,MIN,DEN,91,93,-2,0,0.393,0.889,0.317,21,46,0.409,0.75,0.243,24,48
2021-10-30,PHO,CLE,101,92,9,1,0.464,0.63,0.231,27,52,0.396,0.857,0.318,21,47
2021-10-31,DAL,SAC,105,99,6,1,0.444,0.65,0.324,24,45,0.396,0.8,0.194,20,56
2021-10-31,CHO,POR,125,113,12,1,0.517,0.619,0.476,36,44,0.443,0.909,0.315,30,47
2021-10-31,MIL,UTA,95,107,-12,0,0.406,0.833,0.293,16,44,0.467,0.926,0.324,13,44
2021-10-31,BRK,DET,117,91,26,1,0.653,0.625,0.52,30,41,0.405,0.682,0.364,21,29
2021-10-31,LAL,HOU,95,85,10,1,0.406,0.615,0.29,22,43,0.421,0.517,0.214,18,55
2021-11-01,CHO,CLE,110,113,-3,0,0.416,0.733,0.385,27,46,0.433,0.684,0.321,21,49
2021-11-01,IND,SAS,131,118,13,1,0.5710000000000001,0.75,0.474,37,39,0.528,0.7140000000000001,0.5,34,36
2021-11-01,PHI,POR,113,103,10,1,0.518,0.875,0.361,34,34,0.476,0.611,0.353,21,45
2021-11-01,ATL,WAS,118,111,7,1,0.458,1.0,0.382,24,47,0.477,1.0,0.333,27,36
2021-11-01,BOS,CHI,114,128,-14,0,0.438,0.75,0.455,20,38,0.57,0.944,0.419,30,50
2021-11-01,NYK,TOR,104,113,-9,0,0.461,0.75,0.421,20,41,0.434,0.929,0.333,24,48
2021-11-01,MEM,DEN,106,97,9,1,0.454,0.7140000000000001,0.382,20,55,0.443,0.667,0.237,27,40
2021-11-01,MIN,ORL,97,115,-18,0,0.371,0.579,0.275,21,47,0.451,0.8,0.395,21,51
2021-11-01,LAC,OKC,99,94,5,1,0.38,0.737,0.35700000000000004,18,51,0.389,0.813,0.297,17,51
2021-11-02,DET,MIL,89,117,-28,0,0.32299999999999995,0.7,0.17,21,43,0.5,0.762,0.459,28,52
2021-11-02,DAL,MIA,110,125,-15,0,0.44,0.71,0.333,17,41,0.518,0.867,0.52,25,45
2021-11-02,UTA,SAC,119,113,6,1,0.439,0.7040000000000001,0.292,16,59,0.452,0.708,0.387,24,38
2021-11-02,PHO,NOP,112,100,12,1,0.524,0.944,0.34600000000000003,32,42,0.396,0.938,0.333,21,43
2021-11-02,LAL,HOU,119,117,2,1,0.527,0.75,0.24,26,43,0.527,0.417,0.381,27,38
2021-11-03,CLE,POR,107,104,3,1,0.527,0.778,0.5,29,43,0.444,0.647,0.35100000000000003,24,39
2021-11-03,IND,NYK,111,98,13,1,0.462,0.7859999999999999,0.39,26,49,0.414,0.778,0.208,23,46
2021-11-03,ORL,BOS,79,92,-13,0,0.321,0.8,0.209,15,46,0.418,0.64,0.27,24,50
2021-11-03,PHI,CHI,103,98,5,1,0.494,0.7140000000000001,0.429,24,35,0.463,0.889,0.28600000000000003,19,47
2021-11-03,WAS,TOR,100,109,-9,0,0.436,0.8,0.25,19,44,0.466,0.85,0.4,17,42
2021-11-03,BRK,ATL,117,108,9,1,0.489,0.75,0.458,34,42,0.436,0.867,0.371,23,52
2021-11-03,MEM,DEN,108,106,2,1,0.519,0.5710000000000001,0.471,28,36,0.473,0.923,0.29600000000000004,24,44
2021-11-03,MIN,LAC,115,126,-11,0,0.457,0.938,0.35,27,39,0.603,0.917,0.583,33,35
2021-11-03,SAS,DAL,108,109,-1,0,0.489,0.75,0.333,25,40,0.43,0.7240000000000001,0.235,21,56
2021-11-03,GSW,CHO,114,92,22,1,0.488,0.667,0.4,33,53,0.374,0.737,0.278,18,49
2021-11-03,SAC,NOP,112,99,13,1,0.525,0.818,0.333,27,37,0.43,0.867,0.353,24,40
2021-11-04,DET,PHI,98,109,-11,0,0.402,0.895,0.306,21,41,0.494,0.682,0.375,22,49
2021-11-04,ATL,UTA,98,116,-18,0,0.4270000000000001,0.8079999999999999,0.25,18,32,0.506,0.7390000000000001,0.415,30,46
2021-11-04,MIA,BOS,78,95,-17,0,0.34600000000000003,0.684,0.22,18,45,0.397,0.85,0.39,16,46
2021-11-04,PHO,HOU,123,111,12,1,0.473,0.913,0.452,29,46,0.4320000000000001,0.857,0.344,25,43
2021-11-04,LAL,OKC,104,107,-3,0,0.415,0.8240000000000001,0.364,22,49,0.425,0.6920000000000001,0.366,23,50
2021-11-05,DET,BRK,90,96,-6,0,0.379,0.722,0.324,17,44,0.45,0.929,0.407,25,45
2021-11-05,ORL,SAS,89,102,-13,0,0.393,0.7,0.293,23,43,0.444,0.889,0.316,23,48
2021-11-05,WAS,MEM,115,87,28,1,0.583,0.5379999999999999,0.4,34,53,0.354,0.765,0.194,19,39
2021-11-05,MIL,NYK,98,113,-15,0,0.402,0.762,0.3720000000000001,19,37,0.4270000000000001,0.8079999999999999,0.25,16,59
2021-11-05,TOR,CLE,101,102,-1,0,0.424,0.556,0.444,20,45,0.458,0.8420000000000001,0.333,22,39
2021-11-05,MIN,LAC,84,104,-20,0,0.348,0.7140000000000001,0.327,17,42,0.409,0.813,0.214,18,62
2021-11-05,GSW,NOP,126,85,41,1,0.516,0.857,0.4,36,49,0.35200000000000004,0.75,0.25,23,42
2021-11-05,POR,IND,110,106,4,1,0.488,0.867,0.436,27,42,0.489,0.6,0.333,28,40
2021-11-05,SAC,CHO,140,110,30,1,0.552,0.846,0.5,29,56,0.467,0.619,0.314,29,28
2021-11-06,DEN,HOU,95,94,1,1,0.404,0.8240000000000001,0.225,19,45,0.467,0.667,0.28600000000000003,19,47
2021-11-06,MIA,UTA,118,115,3,1,0.603,0.765,0.524,30,36,0.518,0.737,0.333,26,31
2021-11-06,CHI,PHI,105,114,-9,0,0.402,0.8,0.241,20,46,0.531,0.789,0.5,22,41
2021-11-06,DAL,BOS,107,104,3,1,0.526,0.857,0.333,19,40,0.488,0.688,0.29,20,36
2021-11-06,PHO,ATL,121,117,4,1,0.511,0.81,0.326,26,42,0.433,0.87,0.394,18,50
2021-11-06,POR,LAL,105,90,15,1,0.379,0.75,0.273,22,52,0.344,0.792,0.281,20,59
2021-11-07,TOR,BRK,103,116,-13,0,0.471,0.778,0.233,23,35,0.513,0.85,0.447,29,48
2021-11-07,NYK,CLE,109,126,-17,0,0.459,0.917,0.29,21,32,0.544,0.818,0.5429999999999999,31,48
2021-11-07,ORL,UTA,107,100,7,1,0.494,0.818,0.375,24,39,0.382,0.828,0.19,21,50
2021-11-07,SAC,IND,91,94,-3,0,0.369,0.8640000000000001,0.294,20,33,0.446,0.778,0.24,13,54
2021-11-07,WAS,MIL,101,94,7,1,0.506,0.615,0.407,24,42,0.394,0.556,0.278,17,49
2021-11-07,OKC,SAS,99,94,5,1,0.3720000000000001,0.85,0.28600000000000003,21,57,0.41,0.667,0.2,29,46
2021-11-07,GSW,HOU,120,107,13,1,0.518,0.85,0.326,31,41,0.456,0.6759999999999999,0.303,17,42
2021-11-07,LAC,CHO,120,106,14,1,0.477,0.952,0.375,24,50,0.406,0.778,0.303,20,44
2021-11-08,PHI,NYK,96,103,-7,0,0.385,0.813,0.325,20,47,0.44,0.769,0.325,25,55
2021-11-08,CHI,BRK,118,95,23,1,0.469,0.85,0.29,21,56,0.395,0.8420000000000001,0.333,19,42
2021-11-08,MEM,MIN,125,118,7,1,0.5,0.846,0.393,28,51,0.423,0.826,0.378,23,45
2021-11-08,DAL,NOP,108,92,16,1,0.506,0.615,0.4,27,46,0.425,0.818,0.265,27,39
2021-11-08,DEN,MIA,113,96,17,1,0.462,0.708,0.293,28,49,0.397,0.84,0.361,22,37
2021-11-08,GSW,ATL,127,113,14,1,0.478,0.955,0.409,31,39,0.463,0.769,0.395,21,35
2021-11-08,SAC,PHO,104,109,-5,0,0.451,0.769,0.417,18,46,0.473,0.818,0.4,28,38
2021-11-08,LAL,CHO,126,123,3,1,0.484,0.7140000000000001,0.406,30,51,0.434,0.821,0.333,23,55
2021-11-09,PHI,MIL,109,118,-9,0,0.408,0.917,0.326,21,46,0.463,0.7140000000000001,0.385,21,52
2021-11-09,UTA,ATL,110,98,12,1,0.506,0.813,0.395,21,44,0.435,0.6,0.514,22,32
2021-11-09,LAC,POR,117,109,8,1,0.518,0.684,0.5329999999999999,25,43,0.473,0.75,0.378,29,43
2021-11-10,CLE,WAS,94,97,-3,0,0.461,0.7140000000000001,0.29,21,40,0.417,1.0,0.35700000000000004,25,49
2021-11-10,ORL,BRK,90,123,-33,0,0.38,0.667,0.121,19,49,0.505,0.882,0.4320000000000001,29,49
2021-11-10,BOS,TOR,104,88,16,1,0.447,0.667,0.345,21,44,0.429,0.8420000000000001,0.24,20,41
2021-11-10,HOU,DET,104,112,-8,0,0.4270000000000001,0.647,0.353,17,42,0.433,0.667,0.333,23,49
2021-11-10,NYK,MIL,100,112,-12,0,0.434,0.706,0.4320000000000001,19,38,0.444,0.667,0.52,29,50
2021-11-10,CHI,DAL,117,107,10,1,0.506,0.857,0.484,26,46,0.458,0.792,0.364,23,43
2021-11-10,MEM,CHO,108,118,-10,0,0.421,0.6,0.237,27,57,0.456,0.875,0.417,32,49
2021-11-10,NOP,OKC,100,108,-8,0,0.35100000000000003,0.7190000000000001,0.257,24,50,0.425,0.8,0.294,23,56
2021-11-10,SAS,SAC,136,117,19,1,0.5329999999999999,0.645,0.563,34,43,0.516,0.813,0.278,20,44
2021-11-10,DEN,IND,101,98,3,1,0.429,0.85,0.4,19,39,0.476,0.636,0.355,22,48
2021-11-10,PHO,POR,119,109,10,1,0.521,0.833,0.393,27,39,0.484,0.875,0.233,24,46
2021-11-10,GSW,MIN,123,110,13,1,0.471,0.8,0.275,23,53,0.411,0.75,0.386,30,40
2021-11-10,LAL,MIA,120,117,3,1,0.5,0.625,0.474,26,50,0.417,0.7709999999999999,0.27,26,47
2021-11-11,PHI,TOR,109,115,-6,0,0.455,0.947,0.324,29,39,0.438,1.0,0.424,25,47
2021-11-11,UTA,IND,100,111,-11,0,0.47,0.565,0.281,22,37,0.448,0.737,0.355,19,53
2021-11-11,LAC,MIA,112,109,3,1,0.473,0.882,0.297,20,42,0.443,0.8240000000000001,0.22,18,50
2021-11-12,CHO,NYK,104,96,8,1,0.433,0.667,0.278,25,49,0.387,0.611,0.371,17,51
2021-11-12,BOS,MIL,122,113,9,1,0.49,0.889,0.293,22,53,0.449,0.818,0.34,23,39
2021-11-12,CLE,DET,98,78,20,1,0.476,0.667,0.341,27,40,0.3670000000000001,0.846,0.3,18,43
2021-11-12,HOU,POR,92,104,-12,0,0.4,0.63,0.219,13,49,0.391,0.8059999999999999,0.306,21,52
2021-11-12,MEM,PHO,94,119,-25,0,0.378,0.565,0.212,19,59,0.489,1.0,0.486,28,46
2021-11-12,NOP,BRK,112,120,-8,0,0.489,0.813,0.406,26,43,0.5,0.741,0.529,27,34
2021-11-12,OKC,SAC,105,103,2,1,0.424,0.733,0.333,13,52,0.4,0.765,0.341,20,49
2021-11-12,SAS,DAL,109,123,-14,0,0.488,0.7,0.433,30,41,0.46,0.684,0.4,30,48
2021-11-12,DEN,ATL,105,96,9,1,0.444,0.75,0.28600000000000003,26,49,0.409,0.7140000000000001,0.179,20,50
2021-11-12,GSW,CHI,119,93,26,1,0.484,0.875,0.326,27,47,0.436,0.773,0.29600000000000004,18,38
2021-11-12,LAL,MIN,83,107,-24,0,0.354,0.8,0.22,17,44,0.457,0.75,0.324,24,54
2021-11-13,UTA,MIA,105,111,-6,0,0.412,0.72,0.321,23,38,0.494,0.875,0.394,23,48
2021-11-13,IND,PHI,118,113,5,1,0.573,0.667,0.5,33,37,0.4270000000000001,0.862,0.522,16,46
2021-11-13,NOP,MEM,112,101,11,1,0.481,0.88,0.483,29,37,0.4320000000000001,0.81,0.333,21,39
2021-11-13,ORL,WAS,92,104,-12,0,0.337,0.85,0.325,21,44,0.5,0.8,0.343,29,48
2021-11-13,TOR,DET,121,127,-6,0,0.506,0.645,0.382,21,39,0.544,0.867,0.429,34,34
2021-11-13,CLE,BOS,91,89,2,1,0.383,0.8640000000000001,0.263,17,39,0.423,0.944,0.261,20,47
2021-11-13,LAC,MIN,129,102,27,1,0.535,0.778,0.4,35,57,0.392,0.688,0.306,25,41
2021-11-14,LAL,SAS,114,106,8,1,0.518,0.765,0.484,28,46,0.444,0.667,0.444,28,43
2021-11-14,ATL,MIL,120,100,20,1,0.485,0.846,0.429,21,51,0.452,0.625,0.341,24,30
2021-11-14,CHO,GSW,106,102,4,1,0.477,0.667,0.389,23,39,0.422,0.68,0.231,31,49
2021-11-14,HOU,PHO,89,115,-26,0,0.412,0.667,0.219,19,48,0.433,0.85,0.35,19,52
2021-11-14,OKC,BRK,96,120,-24,0,0.4,0.909,0.311,20,44,0.5,0.952,0.419,31,44
2021-11-14,DEN,POR,124,95,29,1,0.522,0.7859999999999999,0.475,29,49,0.438,0.923,0.333,22,36
2021-11-14,LAC,CHI,90,100,-10,0,0.358,1.0,0.324,16,44,0.442,0.929,0.379,19,45
2021-11-15,CLE,BOS,92,98,-6,0,0.386,0.75,0.4,18,42,0.462,0.8,0.345,23,46
2021-11-15,DET,SAC,107,129,-22,0,0.406,0.941,0.277,23,47,0.531,0.818,0.485,32,47
2021-11-15,WAS,NOP,105,100,5,1,0.464,0.68,0.35700000000000004,23,42,0.405,0.853,0.524,20,45
2021-11-15,ATL,ORL,129,111,18,1,0.5529999999999999,0.6559999999999999,0.467,32,46,0.453,0.643,0.3720000000000001,30,41
2021-11-15,NYK,IND,92,84,8,1,0.43,0.7,0.324,22,46,0.3720000000000001,0.75,0.21600000000000005,16,44
2021-11-15,DAL,DEN,111,101,10,1,0.5,0.7,0.389,30,44,0.476,0.706,0.281,20,46
2021-11-15,MEM,HOU,136,102,34,1,0.542,0.8,0.39,33,49,0.379,0.731,0.289,24,46
2021-11-15,MIN,PHO,96,99,-3,0,0.365,0.778,0.295,18,54,0.376,0.778,0.226,21,52
2021-11-15,OKC,MIA,90,103,-13,0,0.41,0.7,0.366,26,42,0.451,0.846,0.45,22,45
2021-11-15,POR,TOR,118,113,5,1,0.561,0.7140000000000001,0.444,25,39,0.461,0.889,0.455,20,39
2021-11-15,LAL,CHI,103,121,-18,0,0.456,0.8059999999999999,0.188,19,43,0.551,0.727,0.441,31,36
2021-11-16,BRK,GSW,99,117,-18,0,0.386,0.778,0.278,21,38,0.519,0.7859999999999999,0.325,25,53
2021-11-16,UTA,PHI,120,85,35,1,0.517,0.632,0.421,27,56,0.3670000000000001,0.765,0.207,19,42
2021-11-16,LAC,SAS,106,92,14,1,0.435,0.909,0.316,16,52,0.4320000000000001,0.7140000000000001,0.227,26,41
2021-11-17,CHO,WAS,97,87,10,1,0.438,0.5,0.313,30,59,0.3670000000000001,0.813,0.19,23,48
2021-11-17,DET,IND,97,89,8,1,0.425,0.75,0.28600000000000003,16,42,0.418,0.737,0.243,14,43
2021-11-17,ATL,BOS,110,99,11,1,0.506,0.833,0.35100000000000003,28,40,0.44,0.8240000000000001,0.268,24,42
2021-11-17,BRK,CLE,109,99,10,1,0.458,0.84,0.375,29,47,0.393,0.857,0.25,20,50
2021-11-17,MIA,NOP,113,98,15,1,0.483,0.8240000000000001,0.375,29,39,0.44,0.7859999999999999,0.28600000000000003,18,38
2021-11-17,MIL,LAL,109,102,7,1,0.46,0.708,0.324,22,52,0.417,0.833,0.279,24,48
2021-11-17,NYK,ORL,98,104,-6,0,0.42,0.667,0.327,25,45,0.406,0.833,0.289,20,51
2021-11-17,MIN,SAC,107,97,10,1,0.5,0.833,0.278,20,35,0.366,0.76,0.263,19,47
2021-11-17,OKC,HOU,101,89,12,1,0.446,0.563,0.256,18,56,0.35600000000000004,0.684,0.28600000000000003,16,46
2021-11-17,PHO,DAL,105,98,7,1,0.441,0.7140000000000001,0.333,27,49,0.418,1.0,0.5,28,49
2021-11-17,POR,CHI,112,107,5,1,0.44,0.964,0.355,26,44,0.47,0.8,0.448,23,36
2021-11-18,CLE,GSW,89,104,-15,0,0.425,0.563,0.308,22,42,0.494,0.875,0.349,36,34
2021-11-18,MIA,WAS,112,97,15,1,0.5,0.833,0.385,27,41,0.494,0.6,0.417,25,37
2021-11-18,MEM,LAC,120,108,12,1,0.542,0.833,0.423,28,47,0.467,1.0,0.41,24,34
2021-11-18,MIN,SAS,115,90,25,1,0.477,0.8,0.429,30,47,0.417,0.737,0.188,26,42
2021-11-18,DEN,PHI,89,103,-14,0,0.36,0.813,0.333,22,46,0.506,0.5,0.379,22,45
2021-11-18,UTA,TOR,119,103,16,1,0.55,0.923,0.413,34,46,0.415,0.882,0.263,24,35
2021-11-19,CHO,IND,121,118,3,1,0.5429999999999999,0.75,0.387,28,45,0.466,0.7809999999999999,0.306,19,38
2021-11-19,DET,GSW,102,105,-3,0,0.4,0.8,0.333,21,35,0.475,0.81,0.4,22,48
2021-11-19,BOS,LAL,130,108,22,1,0.5,0.816,0.3670000000000001,22,51,0.464,0.75,0.4,20,33
2021-11-19,BRK,ORL,115,113,2,1,0.451,0.92,0.303,19,43,0.449,0.76,0.368,26,45
2021-11-19,MIL,OKC,96,89,7,1,0.373,0.846,0.293,21,53,0.35200000000000004,0.619,0.25,17,53
2021-11-19,NOP,LAC,94,81,13,1,0.4370000000000001,0.625,0.433,19,55,0.378,0.8,0.243,22,43
2021-11-19,DEN,CHI,108,114,-6,0,0.476,0.8,0.378,24,38,0.441,1.0,0.258,19,50
2021-11-19,PHO,DAL,112,104,8,1,0.518,0.7140000000000001,0.483,28,53,0.411,0.7829999999999999,0.3,25,40
2021-11-19,SAC,TOR,89,108,-19,0,0.381,0.64,0.243,15,40,0.452,0.833,0.387,20,53
2021-11-20,NYK,HOU,106,99,7,1,0.423,0.846,0.439,25,37,0.452,0.591,0.256,21,48
2021-11-20,IND,NOP,111,94,17,1,0.462,0.722,0.368,28,46,0.398,0.947,0.333,17,52
2021-11-20,WAS,MIA,103,100,3,1,0.486,0.87,0.3670000000000001,22,35,0.469,0.85,0.259,21,37
2021-11-20,ATL,CHO,115,105,10,1,0.524,0.81,0.353,24,46,0.422,0.6,0.25,26,51
2021-11-20,BOS,OKC,111,105,6,1,0.466,0.857,0.436,28,48,0.406,0.563,0.429,23,54
2021-11-20,MIL,ORL,117,108,9,1,0.451,0.649,0.475,25,60,0.398,0.7859999999999999,0.373,26,39
2021-11-20,MIN,MEM,138,95,43,1,0.5379999999999999,0.7140000000000001,0.488,28,50,0.349,0.8,0.281,21,33
2021-11-20,POR,PHI,118,111,7,1,0.5,1.0,0.441,23,38,0.506,0.905,0.35700000000000004,24,32
2021-11-20,SAC,UTA,105,123,-18,0,0.451,0.619,0.32299999999999995,20,35,0.505,0.8240000000000001,0.436,20,52
2021-11-21,LAC,DAL,97,91,6,1,0.48,0.722,0.414,18,42,0.41,0.944,0.2,21,39
2021-11-21,DET,LAL,116,121,-5,0,0.443,0.762,0.35,27,39,0.489,0.778,0.32299999999999995,29,51
2021-11-21,CHI,NYK,109,103,6,1,0.42,0.889,0.379,21,44,0.417,0.8390000000000001,0.259,16,44
2021-11-21,PHO,DEN,126,97,29,1,0.529,0.885,0.306,34,51,0.3670000000000001,0.7140000000000001,0.289,20,42
2021-11-21,GSW,TOR,119,104,15,1,0.494,0.792,0.489,31,47,0.394,0.55,0.405,25,47
2021-11-22,CLE,BRK,112,117,-5,0,0.387,0.897,0.318,24,53,0.474,0.889,0.314,32,42
2021-11-22,WAS,CHO,103,109,-6,0,0.383,0.815,0.243,23,65,0.44,0.583,0.484,21,36
2021-11-22,ATL,OKC,113,101,12,1,0.483,0.938,0.412,25,44,0.402,0.929,0.263,24,50
2021-11-22,BOS,HOU,108,90,18,1,0.424,0.947,0.343,19,58,0.373,0.708,0.262,19,42
2021-11-22,CHI,IND,77,109,-32,0,0.365,0.6,0.214,13,38,0.444,0.889,0.419,27,59
2021-11-22,MIL,ORL,123,92,31,1,0.468,0.708,0.4,28,55,0.366,0.722,0.268,16,47
2021-11-22,NOP,MIN,96,110,-14,0,0.42,0.889,0.188,24,48,0.4,0.7140000000000001,0.227,21,49
2021-11-22,SAS,PHO,111,115,-4,0,0.527,0.5,0.25,23,44,0.511,0.813,0.444,25,44
2021-11-22,UTA,MEM,118,119,-1,0,0.471,0.76,0.395,26,46,0.442,0.815,0.371,24,50
2021-11-22,SAC,PHI,94,102,-8,0,0.413,0.7240000000000001,0.226,17,49,0.424,0.778,0.281,19,45
2021-11-23,DET,MIA,92,100,-8,0,0.417,0.857,0.263,22,35,0.461,0.7240000000000001,0.31,22,51
2021-11-23,NYK,LAL,106,100,6,1,0.451,0.81,0.441,23,52,0.374,0.7,0.306,23,50
2021-11-23,POR,DEN,119,100,19,1,0.511,0.7,0.385,25,43,0.487,0.818,0.455,26,37
2021-11-23,LAC,DAL,104,112,-8,0,0.412,0.828,0.313,17,47,0.438,0.815,0.308,22,42
2021-11-24,CLE,PHO,115,120,-5,0,0.443,0.68,0.308,22,44,0.523,0.7859999999999999,0.364,26,47
2021-11-24,IND,LAL,116,124,-8,0,0.404,0.792,0.28300000000000003,25,52,0.442,0.862,0.405,20,52
2021-11-24,ORL,CHO,99,106,-7,0,0.409,0.8,0.35700000000000004,23,51,0.419,0.762,0.3,26,49
2021-11-24,BOS,BRK,104,123,-19,0,0.374,0.893,0.229,25,45,0.506,0.767,0.4,29,50
2021-11-24,HOU,CHI,118,113,5,1,0.5,0.773,0.472,27,46,0.458,0.833,0.429,26,40
2021-11-24,MEM,TOR,113,126,-13,0,0.512,0.769,0.31,25,40,0.528,0.857,0.467,25,34
2021-11-24,MIL,DET,114,93,21,1,0.483,0.882,0.417,23,56,0.358,0.737,0.244,16,44
2021-11-24,MIN,MIA,113,101,12,1,0.409,0.905,0.327,24,52,0.446,0.69,0.35700000000000004,25,40
2021-11-24,NOP,WAS,127,102,25,1,0.458,0.8440000000000001,0.414,33,52,0.429,0.639,0.226,23,45
2021-11-24,OKC,UTA,104,110,-6,0,0.451,0.682,0.417,21,43,0.453,0.85,0.319,19,43
2021-11-24,SAS,ATL,106,124,-18,0,0.43,0.8,0.364,27,44,0.511,0.917,0.462,26,44
2021-11-24,GSW,PHI,116,96,20,1,0.525,0.708,0.395,32,41,0.425,0.909,0.28600000000000003,17,41
2021-11-24,SAC,POR,125,121,4,1,0.523,0.6759999999999999,0.364,21,43,0.468,0.84,0.316,27,43
2021-11-26,LAC,DET,107,96,11,1,0.429,0.947,0.289,26,54,0.3670000000000001,0.846,0.242,17,52
2021-11-26,CHO,MIN,133,115,18,1,0.557,0.8,0.575,32,44,0.45,0.737,0.314,24,45
2021-11-26,NYK,PHO,97,118,-21,0,0.37,0.773,0.308,13,51,0.557,0.81,0.464,28,35
2021-11-26,ORL,CHI,88,123,-35,0,0.375,0.7,0.219,18,36,0.5579999999999999,0.625,0.5,32,47
2021-11-26,IND,TOR,114,97,17,1,0.485,0.818,0.282,31,53,0.416,0.727,0.233,17,41
2021-11-26,MEM,ATL,100,132,-32,0,0.407,0.737,0.316,27,36,0.584,0.7140000000000001,0.481,33,49
2021-11-26,OKC,WAS,99,101,-2,0,0.404,0.857,0.333,23,41,0.481,1.0,0.345,17,43
2021-11-26,SAS,BOS,96,88,8,1,0.4370000000000001,0.737,0.25,21,53,0.37,0.667,0.294,20,51
2021-11-26,DEN,MIL,109,120,-11,0,0.435,0.857,0.362,24,31,0.63,0.6,0.485,24,44
2021-11-26,UTA,NOP,97,98,-1,0,0.45,0.667,0.394,17,43,0.4270000000000001,0.846,0.407,27,39
2021-11-26,GSW,POR,118,103,15,1,0.54,0.75,0.324,31,48,0.419,0.7829999999999999,0.342,23,37
2021-11-26,LAL,SAC,137,141,-4,0,0.5,0.7140000000000001,0.341,32,51,0.45,0.655,0.311,32,56
2021-11-27,PHI,MIN,120,121,-1,0,0.419,0.769,0.353,27,44,0.5,0.688,0.389,22,54
2021-11-27,ATL,NYK,90,99,-9,0,0.355,0.75,0.243,18,52,0.439,0.727,0.379,20,50
2021-11-27,BRK,PHO,107,113,-6,0,0.5,0.762,0.304,25,47,0.446,0.857,0.342,17,41
2021-11-27,CHI,MIA,104,107,-3,0,0.469,0.81,0.282,22,47,0.43,0.8640000000000001,0.35,23,36
2021-11-27,CLE,ORL,105,92,13,1,0.456,0.75,0.359,28,51,0.398,0.609,0.25,21,43
2021-11-27,HOU,CHO,146,143,3,1,0.537,0.677,0.469,36,41,0.466,0.9,0.4,31,39
2021-11-27,DAL,WAS,114,120,-6,0,0.472,0.727,0.368,23,35,0.5770000000000001,0.8079999999999999,0.375,28,43
2021-11-27,UTA,NOP,127,105,22,1,0.563,0.773,0.5710000000000001,24,41,0.43,0.81,0.229,27,45
2021-11-28,LAC,GSW,90,105,-15,0,0.4,0.68,0.321,18,47,0.442,0.545,0.425,25,43
2021-11-28,IND,MIL,100,118,-18,0,0.413,0.75,0.267,21,45,0.511,0.818,0.229,27,52
2021-11-28,MEM,SAC,128,101,27,1,0.481,0.75,0.333,30,68,0.34,0.703,0.214,17,49
2021-11-28,TOR,BOS,97,109,-12,0,0.376,0.875,0.31,19,44,0.415,0.935,0.353,24,53
2021-11-28,LAL,DET,110,106,4,1,0.5,0.6,0.281,32,42,0.4270000000000001,0.895,0.394,29,53
2021-11-29,PHI,ORL,101,96,5,1,0.402,0.722,0.303,24,55,0.411,0.778,0.242,20,55
2021-11-29,MIA,DEN,111,120,-9,0,0.473,0.667,0.341,32,39,0.581,0.762,0.514,32,35
2021-11-29,CHI,CHO,133,119,14,1,0.596,0.684,0.467,35,41,0.477,0.81,0.462,23,34
2021-11-29,HOU,OKC,102,89,13,1,0.417,0.636,0.326,31,60,0.35600000000000004,0.769,0.163,16,45
2021-11-29,MIN,IND,100,98,2,1,0.439,0.731,0.257,25,47,0.396,0.81,0.243,27,47
2021-11-29,DAL,CLE,96,114,-18,0,0.438,0.4,0.308,20,33,0.563,0.778,0.526,29,48
2021-11-29,SAS,WAS,116,99,17,1,0.5329999999999999,0.625,0.444,28,51,0.446,0.615,0.29,26,40
2021-11-29,UTA,POR,129,107,22,1,0.528,0.696,0.413,30,43,0.462,0.706,0.355,19,42
2021-11-29,LAC,NOP,104,123,-19,0,0.514,0.762,0.389,17,35,0.511,0.813,0.4,30,47
2021-11-30,BRK,NYK,112,110,2,1,0.482,0.88,0.28600000000000003,27,38,0.484,0.917,0.344,27,42
2021-11-30,TOR,MEM,91,98,-7,0,0.396,0.75,0.256,14,44,0.387,0.8420000000000001,0.294,18,54
2021-11-30,PHO,GSW,104,96,8,1,0.494,0.545,0.4,28,35,0.419,0.7140000000000001,0.35,25,51
2021-11-30,POR,DET,110,92,18,1,0.4270000000000001,0.778,0.333,24,43,0.382,0.833,0.257,17,45
2021-11-30,SAC,LAL,92,117,-25,0,0.443,0.727,0.207,22,40,0.5,0.7,0.393,21,47
2021-12-01,IND,ATL,111,114,-3,0,0.489,0.813,0.303,23,40,0.512,0.833,0.485,24,41
2021-12-01,ORL,DEN,108,103,5,1,0.5429999999999999,0.737,0.222,26,39,0.488,0.7140000000000001,0.294,22,35
2021-12-01,WAS,MIN,115,107,8,1,0.495,0.7140000000000001,0.313,34,52,0.42,0.846,0.297,15,39
2021-12-01,BOS,PHI,88,87,1,1,0.418,0.733,0.393,18,46,0.371,0.765,0.258,20,46
2021-12-01,MIA,CLE,85,111,-26,0,0.376,0.6920000000000001,0.324,21,28,0.544,0.913,0.516,27,46
2021-12-01,MIL,CHO,127,125,2,1,0.489,0.8079999999999999,0.389,29,45,0.494,0.857,0.412,30,36
2021-12-01,NOP,DAL,107,139,-32,0,0.449,0.875,0.35100000000000003,22,32,0.687,0.778,0.529,32,34
2021-12-01,OKC,HOU,110,114,-4,0,0.471,0.759,0.25,16,35,0.506,0.8640000000000001,0.405,25,40
2021-12-01,LAC,SAC,115,124,-9,0,0.47,0.75,0.29,35,49,0.523,0.85,0.395,28,38
2021-12-02,NYK,CHI,115,119,-4,0,0.512,0.815,0.34600000000000003,19,39,0.494,0.952,0.379,24,39
2021-12-02,TOR,MIL,97,93,4,1,0.42,0.643,0.35,23,47,0.376,0.72,0.355,16,47
2021-12-02,MEM,OKC,152,79,73,1,0.625,0.722,0.528,41,53,0.329,0.818,0.289,14,26
2021-12-02,PHO,DET,114,103,11,1,0.544,0.696,0.5710000000000001,23,44,0.45,0.769,0.407,20,36
2021-12-02,POR,SAS,83,114,-31,0,0.354,0.765,0.353,19,41,0.484,0.75,0.389,32,48
2021-12-03,IND,MIA,104,113,-9,0,0.438,0.758,0.25,20,39,0.531,0.846,0.471,24,38
2021-12-03,WAS,CLE,101,116,-15,0,0.463,0.789,0.32299999999999995,21,33,0.472,0.76,0.433,30,54
2021-12-03,ATL,PHI,96,98,-2,0,0.408,0.8,0.35700000000000004,20,47,0.469,0.765,0.409,22,40
2021-12-03,BRK,MIN,110,105,5,1,0.474,0.78,0.261,26,41,0.387,0.833,0.31,22,44
2021-12-03,HOU,ORL,118,116,2,1,0.478,0.867,0.362,33,35,0.488,0.905,0.35100000000000003,24,45
2021-12-03,DAL,NOP,91,107,-16,0,0.405,0.654,0.294,17,42,0.411,0.75,0.4,30,55
2021-12-03,UTA,BOS,137,130,7,1,0.556,0.87,0.529,26,44,0.516,1.0,0.359,23,30
2021-12-03,GSW,PHO,118,96,22,1,0.489,0.75,0.487,30,51,0.383,0.743,0.364,23,38
2021-12-03,LAL,LAC,115,119,-4,0,0.5,0.619,0.364,28,43,0.506,0.875,0.457,28,34
2021-12-04,NYK,DEN,99,113,-14,0,0.398,0.81,0.3,23,40,0.524,1.0,0.465,30,42
2021-12-04,BRK,CHI,107,111,-4,0,0.414,0.778,0.32,28,55,0.477,0.7040000000000001,0.32299999999999995,22,47
2021-12-04,MIL,MIA,124,102,22,1,0.449,0.9,0.36,32,57,0.405,0.708,0.395,29,39
2021-12-04,DAL,MEM,90,97,-7,0,0.337,0.684,0.349,19,42,0.487,0.583,0.34600000000000003,20,52
2021-12-04,GSW,SAS,107,112,-5,0,0.444,0.667,0.333,26,45,0.477,0.8420000000000001,0.343,24,45
2021-12-04,POR,BOS,117,145,-28,0,0.472,0.7809999999999999,0.276,22,32,0.563,0.897,0.568,26,46
2021-12-04,SAC,LAC,104,99,5,1,0.419,0.8,0.353,19,51,0.382,0.667,0.382,23,47
2021-12-05,CLE,UTA,108,109,-1,0,0.462,0.769,0.368,20,45,0.444,0.9,0.417,24,46
2021-12-05,ATL,CHO,127,130,-3,0,0.516,0.778,0.459,29,45,0.535,0.75,0.459,21,39
2021-12-05,TOR,WAS,102,90,12,1,0.447,0.75,0.348,22,47,0.411,0.759,0.32,20,43
2021-12-05,HOU,NOP,118,108,10,1,0.494,0.7929999999999999,0.425,24,40,0.426,0.72,0.263,19,50
2021-12-06,CHO,PHI,124,127,-3,0,0.449,0.706,0.348,31,42,0.529,0.741,0.417,28,49
2021-12-06,DET,OKC,103,114,-11,0,0.414,0.833,0.39,21,52,0.5,0.767,0.36,22,40
2021-12-06,IND,WAS,116,110,6,1,0.524,0.955,0.391,25,40,0.531,0.81,0.467,25,30
2021-12-06,MIA,MEM,90,105,-15,0,0.461,0.8240000000000001,0.273,26,36,0.4270000000000001,0.762,0.394,26,47
2021-12-06,CHI,DEN,109,97,12,1,0.451,0.7,0.371,25,55,0.396,0.667,0.344,30,50
2021-12-06,MIL,CLE,112,104,8,1,0.465,0.792,0.406,21,53,0.389,0.95,0.326,27,39
2021-12-06,MIN,ATL,110,121,-11,0,0.398,0.789,0.425,22,50,0.444,0.8420000000000001,0.51,31,49
2021-12-06,PHO,SAS,108,104,4,1,0.457,0.667,0.345,27,49,0.43,0.684,0.379,31,41
2021-12-06,GSW,ORL,126,95,31,1,0.494,0.69,0.5,28,43,0.434,0.818,0.289,18,38
2021-12-06,POR,LAC,90,102,-12,0,0.443,0.75,0.227,16,45,0.446,0.643,0.306,18,37
2021-12-07,DAL,BRK,99,102,-3,0,0.4,0.818,0.196,21,39,0.506,0.769,0.308,28,50
2021-12-07,SAS,NYK,109,121,-12,0,0.446,0.75,0.387,30,43,0.473,0.895,0.474,22,52
2021-12-07,LAL,BOS,117,102,15,1,0.516,0.765,0.29600000000000004,25,51,0.439,0.69,0.303,27,34
2021-12-08,CHO,PHI,106,110,-4,0,0.488,0.857,0.345,22,35,0.48,0.833,0.382,23,36
2021-12-08,CLE,CHI,115,92,23,1,0.55,0.875,0.464,28,42,0.417,0.7140000000000001,0.269,21,37
2021-12-08,DET,WAS,116,119,-3,0,0.468,0.8290000000000001,0.542,22,37,0.477,0.821,0.375,27,45
2021-12-08,IND,NYK,122,102,20,1,0.535,0.8,0.37,27,42,0.419,0.913,0.3,17,36
2021-12-08,MIA,MIL,113,104,9,1,0.519,0.917,0.468,32,42,0.424,0.741,0.308,18,41
2021-12-08,TOR,OKC,109,110,-1,0,0.452,0.667,0.366,27,46,0.452,0.85,0.425,28,40
2021-12-08,HOU,BRK,114,104,10,1,0.494,0.69,0.341,23,38,0.393,0.8390000000000001,0.242,18,44
2021-12-08,MEM,DAL,96,104,-8,0,0.4,0.6,0.29,23,40,0.481,0.7829999999999999,0.364,24,47
2021-12-08,MIN,UTA,104,136,-32,0,0.4,0.647,0.362,19,37,0.568,0.733,0.463,26,48
2021-12-08,NOP,DEN,114,120,-6,0,0.522,0.75,0.3670000000000001,32,46,0.511,0.778,0.281,28,33
2021-12-08,GSW,POR,104,94,10,1,0.398,0.774,0.304,22,47,0.413,0.7140000000000001,0.267,24,42
2021-12-08,SAC,ORL,142,130,12,1,0.546,0.84,0.441,24,43,0.495,0.7829999999999999,0.471,29,43
2021-12-08,LAC,BOS,114,111,3,1,0.471,0.909,0.438,20,38,0.477,0.905,0.313,26,47
2021-12-09,PHI,UTA,96,118,-22,0,0.4320000000000001,0.933,0.182,17,34,0.473,0.708,0.375,22,52
2021-12-09,MEM,LAL,108,95,13,1,0.436,0.667,0.333,28,47,0.462,0.647,0.4,26,45
2021-12-09,SAS,DEN,123,111,12,1,0.523,0.727,0.429,32,54,0.447,0.923,0.385,29,33
2021-12-10,CHO,SAC,124,123,1,1,0.552,0.7,0.4,29,39,0.475,0.765,0.341,22,48
2021-12-10,IND,DAL,106,93,13,1,0.471,0.917,0.361,28,44,0.464,0.917,0.138,18,37
2021-12-10,ATL,BRK,105,113,-8,0,0.394,0.833,0.324,21,49,0.495,0.938,0.261,26,41
2021-12-10,TOR,NYK,90,87,3,1,0.345,0.7829999999999999,0.343,21,48,0.358,0.833,0.265,18,55
2021-12-10,HOU,MIL,114,123,-9,0,0.472,0.55,0.413,30,40,0.506,0.75,0.385,19,48
2021-12-10,MIN,CLE,106,123,-17,0,0.391,0.821,0.282,24,40,0.541,0.818,0.394,34,47
2021-12-10,NOP,DET,109,93,16,1,0.4320000000000001,0.875,0.35100000000000003,29,60,0.389,0.917,0.324,22,38
2021-12-10,OKC,LAL,95,116,-21,0,0.396,0.643,0.227,21,51,0.471,0.75,0.452,23,47
2021-12-10,PHO,BOS,111,90,21,1,0.448,1.0,0.368,25,53,0.376,0.667,0.154,13,46
2021-12-11,LAC,ORL,106,104,2,1,0.457,0.667,0.5,27,45,0.438,0.917,0.364,21,45
2021-12-11,WAS,UTA,98,123,-25,0,0.461,0.5710000000000001,0.32,17,39,0.516,0.8240000000000001,0.333,28,49
2021-12-11,CLE,SAC,117,103,14,1,0.466,0.821,0.387,27,47,0.441,0.636,0.25,19,48
2021-12-11,MEM,HOU,113,106,7,1,0.5,0.611,0.379,22,38,0.494,0.655,0.333,25,40
2021-12-11,MIA,CHI,118,92,26,1,0.495,0.778,0.442,37,50,0.373,0.65,0.425,22,34
2021-12-11,PHI,GSW,102,93,9,1,0.461,0.885,0.333,19,44,0.4,0.722,0.25,21,42
2021-12-11,SAS,DEN,112,127,-15,0,0.461,0.69,0.37,28,45,0.505,0.929,0.465,33,41
2021-12-12,NYK,MIL,97,112,-15,0,0.4270000000000001,0.769,0.34700000000000003,27,37,0.477,0.8240000000000001,0.341,27,46
2021-12-12,DET,BRK,104,116,-12,0,0.424,0.667,0.378,24,40,0.471,0.92,0.393,28,43
2021-12-12,OKC,DAL,84,103,-19,0,0.375,0.688,0.35100000000000003,19,39,0.422,0.7829999999999999,0.273,25,54
2021-12-12,SAS,NOP,112,97,15,1,0.495,0.75,0.28,31,55,0.426,0.6,0.276,24,42
2021-12-12,POR,MIN,111,116,-5,0,0.457,0.679,0.375,25,45,0.447,0.813,0.389,23,42
2021-12-12,LAL,ORL,106,94,12,1,0.488,0.647,0.464,24,44,0.375,0.789,0.342,17,47
2021-12-13,CLE,MIA,105,94,11,1,0.444,0.944,0.444,24,42,0.447,0.556,0.325,26,39
2021-12-13,IND,GSW,100,102,-2,0,0.402,0.742,0.233,16,42,0.5,0.7140000000000001,0.267,21,47
2021-12-13,TOR,SAC,124,101,23,1,0.541,0.7,0.355,28,46,0.404,0.667,0.324,21,53
2021-12-13,ATL,HOU,126,132,-6,0,0.494,0.871,0.385,20,40,0.479,0.778,0.413,27,45
2021-12-13,BOS,MIL,117,103,14,1,0.5,0.846,0.426,31,40,0.444,0.8,0.306,22,45
2021-12-13,MEM,PHI,126,91,35,1,0.528,0.7829999999999999,0.412,29,50,0.446,0.684,0.182,22,38
2021-12-13,DAL,CHO,120,96,24,1,0.518,0.882,0.463,28,50,0.395,0.625,0.35100000000000003,22,38
2021-12-13,DEN,WAS,113,107,6,1,0.468,0.879,0.313,26,49,0.456,0.619,0.353,25,41
2021-12-13,LAC,PHO,111,95,16,1,0.551,0.696,0.429,24,45,0.375,0.8420000000000001,0.241,22,41
2021-12-14,BRK,TOR,131,129,2,1,0.485,0.7390000000000001,0.359,28,60,0.457,0.789,0.34600000000000003,26,41
2021-12-14,NYK,GSW,96,105,-9,0,0.361,0.909,0.381,18,35,0.455,0.741,0.375,28,49
2021-12-14,POR,PHO,107,111,-4,0,0.417,0.636,0.317,23,48,0.473,0.8,0.355,30,49
2021-12-15,CLE,HOU,124,89,35,1,0.563,0.667,0.45,26,44,0.385,0.6859999999999999,0.172,20,41
2021-12-15,ORL,ATL,99,111,-12,0,0.389,0.905,0.28600000000000003,25,46,0.494,1.0,0.355,25,40
2021-12-15,PHI,MIA,96,101,-5,0,0.443,0.8240000000000001,0.324,26,35,0.449,0.765,0.409,25,44
2021-12-15,DAL,LAL,104,107,-3,0,0.398,0.8240000000000001,0.273,22,51,0.433,0.778,0.385,24,46
2021-12-15,MIL,IND,114,99,15,1,0.489,0.8,0.483,25,38,0.47,0.909,0.289,24,45
2021-12-15,OKC,NOP,110,113,-3,0,0.419,1.0,0.371,22,42,0.488,0.667,0.393,23,49
2021-12-15,SAS,CHO,115,131,-16,0,0.433,1.0,0.324,27,38,0.593,0.688,0.529,34,48
2021-12-15,DEN,MIN,107,124,-17,0,0.452,0.7390000000000001,0.359,33,42,0.511,0.688,0.479,24,39
2021-12-15,POR,MEM,103,113,-10,0,0.378,0.929,0.395,18,38,0.476,0.8,0.344,22,53
2021-12-15,SAC,WAS,119,105,14,1,0.5489999999999999,0.7240000000000001,0.308,25,39,0.472,0.762,0.208,20,39
2021-12-15,UTA,LAC,124,103,21,1,0.528,0.75,0.405,26,44,0.471,0.65,0.333,24,42
2021-12-16,IND,DET,122,113,9,1,0.495,0.893,0.219,26,41,0.494,0.867,0.28,20,37
2021-12-16,BRK,PHI,114,105,9,1,0.494,0.938,0.478,21,48,0.438,0.85,0.294,19,38
2021-12-16,HOU,NYK,103,116,-13,0,0.5,0.8,0.344,29,29,0.47,0.84,0.472,25,40
2021-12-16,PHO,WAS,118,98,20,1,0.532,0.962,0.31,25,47,0.488,0.632,0.28600000000000003,22,32
2021-12-17,ORL,MIA,105,115,-10,0,0.483,0.8,0.344,23,36,0.5,0.737,0.5429999999999999,25,46
2021-12-17,ATL,DEN,115,133,-18,0,0.466,0.765,0.292,22,37,0.581,0.889,0.447,35,38
2021-12-17,BOS,GSW,107,111,-4,0,0.439,0.69,0.366,20,45,0.433,0.81,0.348,27,45
2021-12-17,NOP,MIL,116,112,4,1,0.472,0.633,0.35100000000000003,34,57,0.433,0.8,0.298,16,44
2021-12-17,UTA,SAS,126,128,-2,0,0.495,0.8079999999999999,0.35100000000000003,26,50,0.5,0.722,0.366,27,43
2021-12-17,MIN,LAL,110,92,18,1,0.418,0.667,0.273,23,61,0.385,0.69,0.279,26,36
2021-12-17,POR,CHO,125,116,9,1,0.518,0.889,0.447,27,41,0.478,0.833,0.35100000000000003,29,38
2021-12-17,SAC,MEM,105,124,-19,0,0.409,0.769,0.371,21,45,0.464,0.778,0.542,25,50
2021-12-18,DET,HOU,107,116,-9,0,0.462,0.688,0.278,29,42,0.495,0.588,0.368,27,47
2021-12-18,BOS,NYK,114,107,7,1,0.472,0.765,0.378,23,45,0.438,0.8,0.361,18,42
2021-12-18,BRK,ORL,93,100,-7,0,0.382,0.75,0.196,24,51,0.415,0.923,0.32299999999999995,20,50
2021-12-18,TOR,GSW,119,100,19,1,0.5,0.652,0.368,26,41,0.468,0.7140000000000001,0.306,26,47
2021-12-18,OKC,LAC,104,103,1,1,0.467,0.6,0.387,23,55,0.446,0.684,0.41,26,39
2021-12-18,MIL,CLE,90,119,-29,0,0.393,0.727,0.316,18,44,0.5,0.929,0.35600000000000004,36,46
2021-12-18,UTA,WAS,103,109,-6,0,0.4320000000000001,0.633,0.318,17,46,0.447,0.8,0.29,27,47
2021-12-19,DET,MIA,100,90,10,1,0.467,0.733,0.25,24,47,0.378,0.636,0.302,23,39
2021-12-19,MEM,POR,100,105,-5,0,0.385,0.84,0.265,22,33,0.473,0.857,0.344,17,51
2021-12-19,SAC,SAS,121,114,7,1,0.505,0.833,0.56,23,40,0.495,0.923,0.48,24,44
2021-12-19,CHI,LAL,115,110,5,1,0.43,0.8059999999999999,0.333,20,43,0.512,0.636,0.353,25,46
2021-12-19,MIN,DAL,111,105,6,1,0.468,0.774,0.441,26,37,0.439,0.955,0.293,27,41
2021-12-19,PHO,CHO,137,106,31,1,0.568,0.6920000000000001,0.488,35,57,0.36,0.857,0.222,26,43
2021-12-20,BOS,PHI,103,108,-5,0,0.463,0.8,0.259,16,42,0.5,0.8390000000000001,0.4,20,34
2021-12-20,CHI,HOU,133,118,15,1,0.534,0.958,0.457,33,34,0.564,0.75,0.364,27,35
2021-12-20,MEM,OKC,99,102,-3,0,0.386,0.769,0.344,24,51,0.429,0.679,0.289,24,47
2021-12-20,UTA,CHO,112,102,10,1,0.354,0.757,0.302,21,68,0.386,1.0,0.349,27,51
2021-12-20,GSW,SAC,113,98,15,1,0.523,0.667,0.405,28,42,0.446,0.688,0.406,23,37
2021-12-20,LAC,SAS,92,116,-24,0,0.391,0.75,0.281,18,43,0.439,0.667,0.324,37,66
2021-12-21,MIA,IND,125,96,29,1,0.495,0.818,0.449,30,53,0.35600000000000004,0.821,0.355,22,42
2021-12-21,NYK,DET,105,91,14,1,0.444,0.737,0.333,22,52,0.362,0.789,0.242,22,48
2021-12-21,NOP,POR,111,97,14,1,0.525,0.833,0.364,27,44,0.449,0.737,0.382,18,31
2021-12-21,DAL,MIN,114,102,12,1,0.488,0.826,0.324,30,44,0.456,0.85,0.325,26,39
2021-12-21,LAL,PHO,90,108,-18,0,0.391,0.652,0.2,14,47,0.441,0.933,0.293,29,53
2021-12-22,ATL,ORL,98,104,-6,0,0.4,0.759,0.387,21,49,0.447,0.7390000000000001,0.297,27,40
2021-12-22,BOS,CLE,111,101,10,1,0.467,0.778,0.3670000000000001,24,48,0.391,0.833,0.237,17,53
2021-12-22,MIL,HOU,126,106,20,1,0.4370000000000001,0.905,0.37,25,48,0.419,0.677,0.289,23,52
2021-12-22,OKC,DEN,108,94,14,1,0.447,0.8420000000000001,0.235,22,60,0.393,0.5770000000000001,0.295,21,39
2021-12-22,SAC,LAC,89,105,-16,0,0.4,0.75,0.316,24,40,0.512,0.875,0.292,26,43
2021-12-23,IND,HOU,118,106,12,1,0.523,0.684,0.342,27,47,0.438,0.8079999999999999,0.405,16,28
2021-12-23,ORL,NOP,104,110,-6,0,0.4320000000000001,0.905,0.281,19,44,0.43,0.885,0.433,21,46
2021-12-23,PHI,ATL,96,98,-2,0,0.413,0.923,0.222,20,38,0.451,0.895,0.292,20,46
2021-12-23,MIA,DET,115,112,3,1,0.489,0.895,0.375,23,43,0.45,0.88,0.45,23,43
2021-12-23,NYK,WAS,117,124,-7,0,0.452,0.87,0.31,17,44,0.56,0.75,0.4320000000000001,30,38
2021-12-23,DAL,MIL,95,102,-7,0,0.407,0.765,0.267,25,43,0.451,0.818,0.278,26,47
2021-12-23,DEN,CHO,107,115,-8,0,0.417,0.765,0.35,23,54,0.415,0.875,0.34,28,50
2021-12-23,PHO,OKC,113,101,12,1,0.484,0.615,0.385,26,52,0.385,0.762,0.268,17,44
2021-12-23,UTA,MIN,128,116,12,1,0.5329999999999999,0.727,0.41,31,45,0.446,0.75,0.378,29,44
2021-12-23,GSW,MEM,113,104,9,1,0.488,0.778,0.475,30,39,0.422,0.833,0.308,18,42
2021-12-23,LAL,SAS,110,138,-28,0,0.468,0.5670000000000001,0.185,21,48,0.484,0.848,0.462,33,50
2021-12-25,NYK,ATL,101,87,14,1,0.447,0.417,0.4,28,50,0.379,0.5710000000000001,0.342,23,46
2021-12-25,MIL,BOS,117,113,4,1,0.473,0.7040000000000001,0.364,24,48,0.4270000000000001,0.833,0.378,24,44
2021-12-25,PHO,GSW,107,116,-9,0,0.482,1.0,0.3670000000000001,20,37,0.494,0.857,0.378,28,42
2021-12-25,LAL,BRK,115,122,-7,0,0.417,0.893,0.28600000000000003,29,47,0.483,0.815,0.438,31,41
2021-12-25,UTA,DAL,120,116,4,1,0.444,0.757,0.333,24,49,0.4270000000000001,0.857,0.333,19,43
2021-12-26,MIA,ORL,93,83,10,1,0.404,0.611,0.294,28,51,0.431,0.647,0.313,17,43
2021-12-26,CLE,TOR,144,99,45,1,0.528,0.833,0.423,39,52,0.416,0.696,0.25,24,43
2021-12-26,SAC,MEM,102,127,-25,0,0.42,0.889,0.345,22,38,0.47,0.8,0.3,33,53
2021-12-26,WAS,PHI,96,117,-21,0,0.389,0.643,0.242,22,43,0.5,0.8640000000000001,0.387,25,50
2021-12-26,OKC,NOP,117,112,5,1,0.477,0.71,0.361,24,47,0.415,0.857,0.244,26,49
2021-12-26,SAS,DET,144,109,35,1,0.56,0.784,0.481,39,52,0.388,0.735,0.25,16,42
2021-12-26,CHI,IND,113,105,8,1,0.5660000000000001,0.727,0.478,17,40,0.436,0.7140000000000001,0.267,23,45
2021-12-26,LAC,DEN,100,103,-3,0,0.465,0.667,0.308,26,46,0.411,0.909,0.366,29,48
2021-12-27,CHO,HOU,123,99,24,1,0.534,0.7859999999999999,0.439,33,39,0.414,0.667,0.326,20,44
2021-12-27,ATL,CHI,118,130,-12,0,0.449,0.885,0.441,22,45,0.5429999999999999,0.7140000000000001,0.486,29,44
2021-12-27,MIN,BOS,108,103,5,1,0.444,0.737,0.412,30,53,0.371,0.75,0.34,23,53
2021-12-27,SAS,UTA,104,110,-6,0,0.45,0.444,0.333,26,44,0.453,0.767,0.29,19,55
2021-12-27,PHO,MEM,113,114,-1,0,0.456,0.87,0.355,25,35,0.511,0.765,0.379,22,50
2021-12-27,POR,DAL,117,132,-15,0,0.4270000000000001,0.833,0.3,19,33,0.5710000000000001,0.727,0.364,38,41
2021-12-27,LAC,BRK,108,124,-16,0,0.381,0.741,0.378,25,45,0.568,0.688,0.382,31,47
2021-12-28,ORL,MIL,110,127,-17,0,0.458,0.846,0.308,24,37,0.5529999999999999,0.727,0.459,31,40
2021-12-28,MIA,WAS,119,112,7,1,0.446,0.913,0.471,26,42,0.494,0.7859999999999999,0.405,27,47
2021-12-28,TOR,PHI,109,114,-5,0,0.4370000000000001,0.818,0.366,24,43,0.442,0.8420000000000001,0.467,23,42
2021-12-28,HOU,LAL,123,132,-9,0,0.53,0.76,0.457,24,30,0.522,0.759,0.412,27,48
2021-12-28,MIN,NYK,88,96,-8,0,0.4,0.65,0.184,22,45,0.411,0.375,0.4,20,54
2021-12-28,NOP,CLE,108,104,4,1,0.45,0.769,0.444,24,44,0.42,0.8420000000000001,0.341,27,42
2021-12-28,GSW,DEN,86,89,-3,0,0.417,0.516,0.313,20,43,0.41,0.65,0.242,24,44
2021-12-28,SAC,OKC,117,111,6,1,0.421,0.741,0.436,25,57,0.389,0.833,0.333,16,45
2021-12-29,DET,NYK,85,94,-9,0,0.37,0.765,0.343,19,43,0.383,0.889,0.258,19,48
2021-12-29,IND,CHO,108,116,-8,0,0.419,0.655,0.378,25,45,0.518,0.594,0.34600000000000003,27,48
2021-12-29,BOS,LAC,82,91,-9,0,0.34700000000000003,0.727,0.095,19,50,0.407,0.8240000000000001,0.393,17,49
2021-12-29,CHI,ATL,131,117,14,1,0.619,0.773,0.455,38,41,0.478,0.6920000000000001,0.423,26,37
2021-12-29,MEM,LAL,104,99,5,1,0.412,0.828,0.333,18,43,0.453,0.75,0.366,24,39
2021-12-29,PHO,OKC,115,97,18,1,0.461,0.75,0.353,22,56,0.396,0.875,0.2,19,45
2021-12-29,POR,UTA,105,120,-15,0,0.42,0.708,0.35,23,45,0.529,0.625,0.276,22,46
2021-12-29,SAC,DAL,95,94,1,1,0.48,0.867,0.385,21,38,0.469,0.6920000000000001,0.375,23,36
2021-12-30,BRK,PHI,102,110,-8,0,0.457,0.778,0.259,21,52,0.42,0.65,0.406,22,43
2021-12-30,ORL,MIL,118,136,-18,0,0.483,0.778,0.361,26,33,0.495,0.917,0.394,24,50
2021-12-30,WAS,CLE,110,93,17,1,0.5,0.647,0.31,27,47,0.422,0.652,0.28600000000000003,20,44
2021-12-31,BOS,PHO,123,108,15,1,0.542,0.885,0.37,28,51,0.41,0.938,0.314,20,37
2021-12-31,IND,CHI,106,108,-2,0,0.418,0.759,0.258,23,55,0.407,0.867,0.444,22,42
2021-12-31,SAC,DAL,96,112,-16,0,0.418,0.833,0.345,25,33,0.519,0.8640000000000001,0.409,30,47
2021-12-31,HOU,MIA,110,120,-10,0,0.441,0.8240000000000001,0.333,21,46,0.465,0.8390000000000001,0.424,21,43
2021-12-31,CLE,ATL,118,121,-3,0,0.5710000000000001,0.583,0.32,27,46,0.443,0.905,0.421,23,44
2021-12-31,TOR,LAC,116,108,8,1,0.417,0.758,0.314,19,54,0.487,0.895,0.441,27,37
2021-12-31,MEM,SAS,118,105,13,1,0.48,0.625,0.385,28,58,0.433,0.625,0.343,24,47
2021-12-31,OKC,NYK,95,80,15,1,0.414,0.7140000000000001,0.419,21,49,0.37,0.545,0.195,12,48
2021-12-31,UTA,MIN,120,108,12,1,0.474,0.8540000000000001,0.379,18,49,0.43,0.636,0.341,23,41
2021-12-31,LAL,POR,139,106,33,1,0.5529999999999999,0.867,0.463,27,47,0.353,0.815,0.28600000000000003,19,54
2022-01-01,MIL,NOP,136,113,23,1,0.5329999999999999,0.833,0.479,27,48,0.411,0.633,0.314,28,50
2022-01-01,DET,SAS,117,116,1,1,0.406,0.7879999999999999,0.257,18,63,0.412,0.7140000000000001,0.3,30,48
2022-01-01,WAS,CHI,119,120,-1,0,0.529,0.8079999999999999,0.222,26,43,0.488,0.84,0.5,17,44
2022-01-01,BRK,LAC,116,120,-4,0,0.433,0.84,0.333,26,57,0.488,0.71,0.389,23,40
2022-01-01,HOU,DEN,111,124,-13,0,0.435,0.875,0.381,20,36,0.535,0.815,0.313,33,46
2022-01-01,UTA,GSW,116,123,-7,0,0.435,0.7859999999999999,0.318,19,45,0.535,0.667,0.531,39,40
2022-01-02,TOR,NYK,120,105,15,1,0.477,0.833,0.382,21,44,0.449,0.821,0.333,22,30
2022-01-02,BOS,ORL,116,111,5,1,0.453,0.893,0.361,25,46,0.421,0.815,0.333,17,45
2022-01-02,CLE,IND,108,104,4,1,0.466,0.7140000000000001,0.231,26,48,0.446,0.7859999999999999,0.413,24,39
2022-01-02,SAC,MIA,115,113,2,1,0.513,0.815,0.382,31,39,0.438,1.0,0.273,26,49
2022-01-02,CHO,PHO,99,133,-34,0,0.459,0.5710000000000001,0.257,27,34,0.505,1.0,0.415,36,53
2022-01-02,OKC,DAL,86,95,-9,0,0.412,0.667,0.333,20,41,0.447,0.7140000000000001,0.359,28,48
2022-01-02,LAL,MIN,108,103,5,1,0.48,0.7929999999999999,0.317,20,28,0.446,0.75,0.237,21,56
2022-01-03,PHI,HOU,133,113,20,1,0.521,0.941,0.425,33,54,0.416,0.727,0.341,25,42
2022-01-03,WAS,CHO,124,121,3,1,0.46,0.903,0.421,26,51,0.481,0.5379999999999999,0.368,28,45
2022-01-03,BRK,MEM,104,118,-14,0,0.451,0.8079999999999999,0.29,28,33,0.471,0.5710000000000001,0.28600000000000003,24,61
2022-01-03,CHI,ORL,102,98,4,1,0.43,0.7390000000000001,0.355,17,49,0.424,0.889,0.37,24,44
2022-01-03,MIL,DET,106,115,-9,0,0.424,0.773,0.239,21,47,0.484,0.643,0.419,31,47
2022-01-03,NOP,UTA,104,115,-11,0,0.402,0.636,0.261,21,47,0.482,0.8240000000000001,0.487,22,43
2022-01-03,DAL,DEN,103,89,14,1,0.449,0.905,0.378,23,28,0.463,0.7240000000000001,0.24,21,47
2022-01-03,GSW,MIA,115,108,7,1,0.489,0.846,0.368,39,43,0.411,0.895,0.405,24,49
2022-01-03,POR,ATL,136,131,5,1,0.528,0.857,0.439,29,41,0.545,0.875,0.341,31,39
2022-01-03,LAC,MIN,104,122,-18,0,0.5,0.882,0.344,22,31,0.527,0.889,0.35600000000000004,34,40
2022-01-04,CLE,MEM,106,110,-4,0,0.435,0.762,0.294,28,49,0.467,0.773,0.333,21,45
2022-01-04,TOR,SAS,129,104,25,1,0.469,0.7240000000000001,0.409,30,52,0.4320000000000001,0.684,0.257,27,50
2022-01-04,NYK,IND,104,94,10,1,0.488,0.7140000000000001,0.214,17,51,0.421,0.6559999999999999,0.237,22,35
2022-01-04,NOP,PHO,110,123,-13,0,0.404,0.875,0.303,28,48,0.541,0.7,0.5479999999999999,32,42
2022-01-04,LAL,SAC,122,114,8,1,0.495,0.65,0.344,24,44,0.518,0.778,0.412,31,45
2022-01-05,CHO,DET,140,111,29,1,0.593,0.69,0.5710000000000001,39,49,0.467,0.55,0.333,26,36
2022-01-05,ORL,PHI,106,116,-10,0,0.444,0.7,0.308,22,47,0.506,0.75,0.429,26,42
2022-01-05,WAS,HOU,111,114,-3,0,0.44,0.8079999999999999,0.256,18,41,0.471,0.7809999999999999,0.34600000000000003,15,48
2022-01-05,BOS,SAS,97,99,-2,0,0.444,0.889,0.321,19,41,0.477,1.0,0.385,20,48
2022-01-05,DAL,GSW,99,82,17,1,0.379,0.8079999999999999,0.3,22,46,0.407,0.688,0.179,20,46
2022-01-05,IND,BRK,121,129,-8,0,0.5,0.929,0.333,26,33,0.57,0.897,0.238,28,38
2022-01-05,MIL,TOR,111,117,-6,0,0.447,0.6920000000000001,0.436,22,45,0.472,0.68,0.444,24,44
2022-01-05,MIN,OKC,98,90,8,1,0.4,0.7,0.273,23,55,0.3670000000000001,0.833,0.257,21,52
2022-01-05,DEN,UTA,109,115,-6,0,0.477,0.933,0.306,27,42,0.467,0.833,0.341,22,44
2022-01-05,POR,MIA,109,115,-6,0,0.423,0.778,0.395,18,36,0.451,0.759,0.463,29,50
2022-01-05,SAC,ATL,102,108,-6,0,0.422,0.75,0.407,15,47,0.453,0.733,0.267,20,48
2022-01-06,NYK,BOS,108,105,3,1,0.444,0.667,0.5,23,42,0.475,0.923,0.378,22,38
2022-01-06,MEM,DET,118,88,30,1,0.49,0.632,0.313,31,61,0.343,0.769,0.227,23,39
2022-01-06,NOP,GSW,101,96,5,1,0.422,0.7929999999999999,0.235,20,46,0.425,0.833,0.212,22,43
2022-01-06,PHO,LAC,106,89,17,1,0.411,0.8,0.32299999999999995,22,63,0.36,0.84,0.214,20,49
2022-01-07,PHI,SAS,119,100,19,1,0.517,0.778,0.348,28,49,0.413,0.75,0.3,22,39
2022-01-07,BRK,MIL,109,121,-12,0,0.457,0.95,0.222,23,49,0.458,0.81,0.35600000000000004,21,45
2022-01-07,TOR,UTA,122,108,14,1,0.45,0.8,0.293,26,48,0.481,0.722,0.447,23,40
2022-01-07,CHI,WAS,130,122,8,1,0.527,0.905,0.455,34,41,0.511,0.962,0.292,28,41
2022-01-07,HOU,DAL,106,130,-24,0,0.425,0.69,0.279,17,40,0.544,0.536,0.447,34,55
2022-01-07,OKC,MIN,105,135,-30,0,0.404,0.7829999999999999,0.341,26,45,0.556,0.72,0.415,39,45
2022-01-07,DEN,SAC,121,111,10,1,0.5529999999999999,0.625,0.353,32,41,0.435,0.833,0.379,21,47
2022-01-07,LAL,ATL,134,118,16,1,0.495,0.895,0.415,37,47,0.448,0.7040000000000001,0.361,29,54
2022-01-07,POR,CLE,101,114,-13,0,0.402,0.579,0.457,22,51,0.488,0.655,0.436,22,43
2022-01-08,LAC,MEM,108,123,-15,0,0.406,0.833,0.313,16,49,0.44,0.742,0.316,26,56
2022-01-08,CHO,MIL,114,106,8,1,0.444,0.588,0.333,29,49,0.389,0.923,0.324,21,53
2022-01-08,DET,ORL,97,92,5,1,0.4370000000000001,0.688,0.303,23,49,0.337,0.87,0.304,25,44
2022-01-08,IND,UTA,125,113,12,1,0.55,0.7190000000000001,0.483,30,38,0.476,0.947,0.429,20,39
2022-01-08,BOS,NYK,99,75,24,1,0.474,0.882,0.414,26,45,0.3670000000000001,0.4,0.355,13,40
2022-01-08,PHO,MIA,100,123,-23,0,0.38,0.897,0.412,24,35,0.5,0.867,0.5,33,49
2022-01-09,BRK,SAS,121,119,2,1,0.48,0.8640000000000001,0.28600000000000003,26,55,0.43,0.778,0.406,33,44
2022-01-09,LAC,ATL,106,93,13,1,0.478,0.857,0.364,24,47,0.449,0.8420000000000001,0.269,19,39
2022-01-09,ORL,WAS,100,102,-2,0,0.4,0.938,0.321,18,42,0.409,0.792,0.379,23,54
2022-01-09,TOR,NOP,105,101,4,1,0.424,0.95,0.412,18,46,0.453,0.84,0.364,20,35
2022-01-09,HOU,MIN,123,141,-18,0,0.474,0.607,0.326,31,45,0.509,0.762,0.35700000000000004,37,56
2022-01-09,OKC,DEN,95,99,-4,0,0.4320000000000001,0.833,0.237,29,41,0.416,0.75,0.361,28,53
2022-01-09,DAL,CHI,113,99,14,1,0.5,1.0,0.444,28,48,0.433,0.769,0.333,23,39
2022-01-09,GSW,CLE,96,82,14,1,0.402,0.8,0.238,24,54,0.4270000000000001,0.611,0.292,21,42
2022-01-09,POR,SAC,103,88,15,1,0.42,0.8,0.425,26,48,0.388,0.7140000000000001,0.226,20,46
2022-01-09,LAL,MEM,119,127,-8,0,0.464,0.789,0.424,26,41,0.547,0.688,0.3670000000000001,33,47
2022-01-10,CHO,MIL,103,99,4,1,0.396,0.875,0.295,23,48,0.44,0.75,0.302,25,48
2022-01-10,DET,UTA,126,116,10,1,0.516,0.917,0.514,30,39,0.512,0.773,0.333,23,40
2022-01-10,BOS,IND,101,98,3,1,0.398,0.821,0.28600000000000003,17,53,0.383,0.882,0.297,22,47
2022-01-10,NYK,SAS,111,96,15,1,0.488,0.75,0.406,23,49,0.411,0.667,0.276,19,43
2022-01-10,HOU,PHI,91,111,-20,0,0.39,0.667,0.31,18,39,0.457,0.833,0.28600000000000003,23,47
2022-01-10,POR,BRK,114,108,6,1,0.465,0.731,0.395,23,47,0.462,0.8,0.375,23,42
2022-01-10,SAC,CLE,108,109,-1,0,0.429,0.727,0.467,20,43,0.494,0.867,0.294,29,48
2022-01-11,WAS,OKC,122,118,4,1,0.54,0.7390000000000001,0.333,29,42,0.48,0.867,0.282,23,41
2022-01-11,TOR,PHO,95,99,-4,0,0.404,0.6,0.21600000000000005,15,47,0.473,0.818,0.344,25,39
2022-01-11,CHI,DET,133,87,46,1,0.5429999999999999,0.789,0.529,33,61,0.337,0.778,0.171,17,41
2022-01-11,MEM,GSW,116,108,8,1,0.44,0.778,0.412,30,49,0.4270000000000001,0.862,0.361,25,45
2022-01-11,NOP,MIN,128,125,3,1,0.5529999999999999,0.757,0.485,33,38,0.488,0.742,0.462,27,32
2022-01-11,LAC,DEN,87,85,2,1,0.405,0.75,0.294,23,31,0.4,0.85,0.121,24,56
2022-01-12,IND,BOS,100,119,-19,0,0.465,0.65,0.194,27,37,0.513,0.84,0.474,23,37
2022-01-12,PHI,CHO,98,109,-11,0,0.466,0.643,0.4,18,33,0.517,0.875,0.294,29,42
2022-01-12,WAS,ORL,112,106,6,1,0.524,0.762,0.32299999999999995,26,42,0.414,0.813,0.314,31,49
2022-01-12,ATL,MIA,91,115,-24,0,0.378,0.696,0.289,20,37,0.478,0.929,0.35600000000000004,28,54
2022-01-12,NYK,DAL,108,85,23,1,0.467,0.8,0.444,24,54,0.41,0.684,0.21600000000000005,16,39
2022-01-12,SAS,HOU,124,128,-4,0,0.434,0.778,0.37,27,43,0.5489999999999999,0.688,0.444,23,48
2022-01-12,UTA,CLE,91,111,-20,0,0.4,0.636,0.34,11,32,0.531,0.8240000000000001,0.3670000000000001,28,50
2022-01-12,CHI,BRK,112,138,-26,0,0.469,0.8059999999999999,0.3670000000000001,22,35,0.563,0.821,0.531,35,41
2022-01-12,SAC,LAL,125,116,9,1,0.551,0.8420000000000001,0.3670000000000001,28,45,0.429,0.667,0.34,25,45
2022-01-13,MIL,GSW,118,99,19,1,0.512,0.667,0.439,29,54,0.34700000000000003,0.708,0.333,20,49
2022-01-13,MEM,MIN,116,108,8,1,0.457,0.6859999999999999,0.25,22,56,0.4270000000000001,0.7859999999999999,0.313,23,46
2022-01-13,NOP,LAC,113,89,24,1,0.443,0.813,0.359,23,57,0.383,0.85,0.294,19,46
2022-01-13,BRK,OKC,109,130,-21,0,0.418,0.909,0.219,16,50,0.516,0.889,0.444,32,38
2022-01-13,DEN,POR,140,108,32,1,0.627,0.75,0.5,35,40,0.453,0.607,0.325,28,34
2022-01-14,CHO,ORL,109,116,-7,0,0.412,0.81,0.28600000000000003,28,44,0.517,0.733,0.333,32,43
2022-01-14,DET,TOR,103,87,16,1,0.469,0.826,0.29600000000000004,22,43,0.322,0.769,0.289,18,46
2022-01-14,IND,PHO,94,112,-18,0,0.386,0.722,0.302,20,42,0.455,0.913,0.393,24,51
2022-01-14,PHI,BOS,111,99,12,1,0.447,0.84,0.341,26,40,0.474,0.778,0.355,20,44
2022-01-14,CHI,GSW,96,138,-42,0,0.425,0.667,0.263,26,36,0.564,0.765,0.452,39,47
2022-01-14,MIA,ATL,124,118,6,1,0.532,0.933,0.467,30,37,0.481,0.867,0.421,26,34
2022-01-14,SAS,CLE,109,114,-5,0,0.457,0.769,0.441,22,47,0.484,0.583,0.4,24,46
2022-01-14,MEM,DAL,85,112,-27,0,0.382,0.769,0.226,19,41,0.516,0.625,0.25,30,52
2022-01-14,SAC,HOU,126,114,12,1,0.5,0.708,0.35100000000000003,33,53,0.436,0.813,0.302,25,50
2022-01-15,MIL,TOR,96,103,-7,0,0.338,0.914,0.308,19,41,0.44,0.55,0.343,25,50
2022-01-15,WAS,POR,110,115,-5,0,0.433,0.87,0.324,20,43,0.459,0.6859999999999999,0.333,19,39
2022-01-15,ATL,NYK,108,117,-9,0,0.5,0.706,0.364,23,31,0.506,0.769,0.419,24,44
2022-01-15,BRK,NOP,120,105,15,1,0.5479999999999999,0.941,0.444,30,44,0.46,0.667,0.29,27,35
2022-01-15,MIA,PHI,98,109,-11,0,0.384,0.767,0.257,24,43,0.506,0.762,0.406,24,43
2022-01-15,OKC,CLE,102,107,-5,0,0.434,0.909,0.37,17,51,0.46,0.72,0.257,28,37
2022-01-15,BOS,CHI,114,112,2,1,0.489,0.895,0.34600000000000003,27,50,0.506,0.8,0.414,31,32
2022-01-15,SAS,LAC,101,94,7,1,0.41,0.815,0.297,19,54,0.38,0.75,0.316,24,54
2022-01-15,DEN,LAL,133,96,37,1,0.516,0.941,0.575,35,51,0.439,0.737,0.333,21,41
2022-01-15,DAL,ORL,108,92,16,1,0.41,0.8420000000000001,0.353,16,47,0.481,0.688,0.269,16,37
2022-01-16,DET,PHO,108,135,-27,0,0.463,0.6759999999999999,0.36,25,32,0.586,0.733,0.407,30,51
2022-01-16,SAC,HOU,112,118,-6,0,0.451,0.75,0.316,26,37,0.539,0.833,0.4,22,47
2022-01-16,DEN,UTA,102,125,-23,0,0.442,0.875,0.256,32,39,0.524,0.759,0.385,26,51
2022-01-16,MIN,GSW,119,99,20,1,0.495,0.65,0.3720000000000001,30,47,0.39,0.759,0.31,20,47
2022-01-17,BOS,NOP,104,92,12,1,0.475,0.9,0.313,22,47,0.414,0.611,0.3,23,41
2022-01-17,NYK,CHO,87,97,-10,0,0.4,0.524,0.353,22,53,0.419,0.647,0.359,23,39
2022-01-17,WAS,PHI,117,98,19,1,0.483,0.75,0.3,25,49,0.407,0.84,0.269,19,42
2022-01-17,CLE,BRK,114,107,7,1,0.519,0.905,0.344,26,40,0.494,0.722,0.4,27,35
2022-01-17,LAC,IND,139,133,6,1,0.5489999999999999,0.861,0.5,32,37,0.515,0.87,0.394,30,41
2022-01-17,MEM,CHI,119,106,13,1,0.511,0.75,0.4,29,48,0.435,0.867,0.419,24,43
2022-01-17,ATL,MIL,121,114,7,1,0.442,0.938,0.417,25,46,0.443,0.833,0.421,21,42
2022-01-17,ORL,POR,88,98,-10,0,0.378,0.6,0.25,21,50,0.411,0.944,0.206,20,55
2022-01-17,MIA,TOR,104,99,5,1,0.458,0.8640000000000001,0.375,20,49,0.411,0.706,0.361,24,45
2022-01-17,DAL,OKC,104,102,2,1,0.398,0.7859999999999999,0.324,28,47,0.434,0.792,0.314,20,42
2022-01-17,SAS,PHO,107,121,-14,0,0.446,0.727,0.3,21,47,0.516,0.7,0.281,29,45
2022-01-17,LAL,UTA,101,95,6,1,0.442,0.609,0.297,15,45,0.373,0.875,0.261,21,44
2022-01-18,NYK,MIN,110,112,-2,0,0.463,0.727,0.316,21,44,0.4320000000000001,0.763,0.317,21,38
2022-01-18,GSW,DET,102,86,16,1,0.41,0.741,0.333,26,54,0.353,0.708,0.265,18,50
2022-01-19,PHI,ORL,123,110,13,1,0.542,0.852,0.35700000000000004,21,44,0.444,0.75,0.514,26,43
2022-01-19,WAS,BRK,118,119,-1,0,0.477,0.813,0.345,23,40,0.528,0.85,0.32,23,36
2022-01-19,ATL,MIN,134,122,12,1,0.523,0.879,0.395,34,39,0.433,0.7240000000000001,0.37,21,45
2022-01-19,BOS,CHO,102,111,-9,0,0.433,0.769,0.304,27,38,0.488,0.733,0.41,27,47
2022-01-19,MIA,POR,104,92,12,1,0.463,0.72,0.343,24,43,0.407,0.75,0.304,19,43
2022-01-19,CHI,CLE,117,104,13,1,0.547,0.722,0.455,25,37,0.519,0.682,0.333,27,38
2022-01-19,MIL,MEM,126,114,12,1,0.474,0.955,0.35100000000000003,29,56,0.415,0.68,0.225,26,47
2022-01-19,DAL,TOR,102,98,4,1,0.487,0.95,0.273,23,45,0.385,0.8,0.25,17,44
2022-01-19,SAS,OKC,118,96,22,1,0.49,0.643,0.375,32,50,0.388,0.8,0.258,20,46
2022-01-19,UTA,HOU,111,116,-5,0,0.472,0.85,0.263,26,49,0.4270000000000001,0.706,0.489,24,44
2022-01-19,DEN,LAC,130,128,2,1,0.49,0.84,0.342,32,44,0.536,0.75,0.385,35,47
2022-01-19,SAC,DET,131,133,-2,0,0.524,0.705,0.444,22,35,0.505,0.867,0.417,27,41
2022-01-19,LAL,IND,104,111,-7,0,0.444,0.722,0.324,23,40,0.489,0.8,0.3670000000000001,28,48
2022-01-20,DAL,PHO,101,109,-8,0,0.435,0.8,0.297,19,50,0.453,0.92,0.222,25,40
2022-01-20,NYK,NOP,91,102,-11,0,0.377,0.667,0.237,21,48,0.5,0.682,0.393,27,35
2022-01-20,GSW,IND,117,121,-4,0,0.447,0.828,0.214,28,53,0.4320000000000001,0.706,0.429,23,48
2022-01-21,CHO,OKC,121,98,23,1,0.455,0.7,0.34700000000000003,34,62,0.378,0.8,0.273,20,52
2022-01-21,ORL,LAL,105,116,-11,0,0.444,0.759,0.275,23,35,0.494,0.826,0.433,23,45
2022-01-21,PHI,LAC,101,102,-1,0,0.418,0.7140000000000001,0.35700000000000004,23,44,0.46,0.733,0.344,21,49
2022-01-21,ATL,MIA,110,108,2,1,0.5589999999999999,0.833,0.424,26,36,0.482,0.917,0.375,30,33
2022-01-21,BOS,POR,105,109,-4,0,0.451,0.87,0.297,25,42,0.474,0.7,0.485,20,42
2022-01-21,MIL,CHI,94,90,4,1,0.386,0.7140000000000001,0.194,20,53,0.365,0.875,0.184,21,49
2022-01-21,WAS,TOR,105,109,-4,0,0.506,0.8,0.333,29,45,0.467,0.8240000000000001,0.3670000000000001,20,40
2022-01-21,SAS,BRK,102,117,-15,0,0.389,0.833,0.276,24,49,0.48,1.0,0.36,24,53
2022-01-21,DEN,MEM,118,122,-4,0,0.473,0.826,0.406,34,37,0.524,0.625,0.44,19,48
2022-01-21,UTA,DET,111,101,10,1,0.456,0.853,0.32299999999999995,22,44,0.4370000000000001,0.75,0.406,22,40
2022-01-21,GSW,HOU,105,103,2,1,0.481,0.773,0.333,25,41,0.4270000000000001,0.85,0.28600000000000003,25,39
2022-01-22,MIL,SAC,133,127,6,1,0.495,0.88,0.5,19,43,0.526,0.625,0.405,29,48
2022-01-22,CLE,OKC,94,87,7,1,0.461,0.514,0.222,22,54,0.388,0.563,0.293,16,41
2022-01-22,PHO,IND,113,103,10,1,0.49,0.857,0.28,34,51,0.44,0.7040000000000001,0.345,19,44
2022-01-23,NYK,LAC,110,102,8,1,0.429,0.8420000000000001,0.444,26,52,0.43,0.667,0.341,20,40
2022-01-23,WAS,BOS,87,116,-29,0,0.355,0.813,0.235,20,44,0.444,0.81,0.487,26,57
2022-01-23,MIA,LAL,113,107,6,1,0.494,0.9,0.455,31,39,0.456,0.8,0.275,20,38
2022-01-23,ORL,CHI,114,95,19,1,0.525,0.7829999999999999,0.462,31,35,0.434,0.75,0.238,10,44
2022-01-23,TOR,POR,105,114,-9,0,0.398,0.643,0.333,28,43,0.529,0.462,0.563,31,47
2022-01-23,CHO,ATL,91,113,-22,0,0.391,0.7040000000000001,0.111,23,54,0.455,0.75,0.385,25,45
2022-01-23,SAS,PHI,109,115,-6,0,0.472,0.682,0.333,30,43,0.478,0.87,0.438,22,47
2022-01-23,DAL,MEM,104,91,13,1,0.486,0.742,0.3,22,42,0.374,0.684,0.16699999999999998,20,50
2022-01-23,DEN,DET,117,111,6,1,0.518,0.7390000000000001,0.343,29,34,0.56,0.8420000000000001,0.379,28,34
2022-01-23,MIN,BRK,136,125,11,1,0.522,0.8390000000000001,0.438,24,37,0.505,0.933,0.395,27,48
2022-01-23,GSW,UTA,94,92,2,1,0.434,0.9,0.31,19,40,0.383,0.826,0.314,17,51
2022-01-24,CLE,NYK,95,93,2,1,0.4320000000000001,0.6,0.361,29,51,0.417,0.524,0.316,21,45
2022-01-24,NOP,IND,117,113,4,1,0.466,0.935,0.2,23,45,0.4370000000000001,0.72,0.413,26,41
2022-01-24,OKC,CHI,110,111,-1,0,0.413,0.75,0.35600000000000004,26,44,0.461,0.737,0.385,31,51
2022-01-24,PHO,UTA,115,109,6,1,0.475,0.5329999999999999,0.361,28,51,0.494,0.682,0.452,16,38
2022-01-25,DET,DEN,105,110,-5,0,0.423,0.7859999999999999,0.333,25,36,0.429,0.871,0.344,25,56
2022-01-25,PHI,NOP,117,107,10,1,0.464,0.935,0.32299999999999995,26,44,0.482,0.6920000000000001,0.409,26,39
2022-01-25,TOR,CHO,125,113,12,1,0.524,0.7929999999999999,0.471,27,42,0.488,0.7190000000000001,0.32299999999999995,25,37
2022-01-25,WAS,LAC,115,116,-1,0,0.463,0.8,0.333,25,52,0.415,0.871,0.379,28,48
2022-01-25,BOS,SAC,128,75,53,1,0.495,0.857,0.444,32,67,0.305,0.733,0.182,15,45
2022-01-25,BRK,LAL,96,106,-10,0,0.42,0.682,0.259,20,54,0.472,1.0,0.316,23,33
2022-01-25,HOU,SAS,104,134,-30,0,0.411,0.68,0.265,21,45,0.574,1.0,0.375,38,49
2022-01-25,GSW,DAL,130,92,38,1,0.5329999999999999,0.833,0.395,31,58,0.35200000000000004,1.0,0.25,17,39
2022-01-25,POR,MIN,107,109,-2,0,0.394,0.85,0.39,26,50,0.439,0.742,0.326,21,49
2022-01-26,CLE,MIL,115,99,16,1,0.471,0.8240000000000001,0.452,27,41,0.463,0.889,0.281,22,41
2022-01-26,IND,CHO,126,158,-32,0,0.478,0.8240000000000001,0.294,33,41,0.581,0.7879999999999999,0.5329999999999999,37,36
2022-01-26,ORL,LAC,102,111,-9,0,0.452,0.773,0.257,29,39,0.444,0.889,0.517,20,49
2022-01-26,ATL,SAC,121,104,17,1,0.5329999999999999,0.765,0.333,29,48,0.419,0.737,0.3,23,42
2022-01-26,MIA,NYK,110,96,14,1,0.5,0.909,0.4320000000000001,30,38,0.422,0.647,0.341,24,44
2022-01-26,BRK,DEN,118,124,-6,0,0.489,0.769,0.414,26,38,0.472,0.926,0.417,27,48
2022-01-26,CHI,TOR,111,105,6,1,0.5479999999999999,0.75,0.269,32,45,0.481,0.607,0.387,24,34
2022-01-26,SAS,MEM,110,118,-8,0,0.457,0.789,0.243,30,39,0.511,0.731,0.304,24,44
2022-01-26,POR,DAL,112,132,-20,0,0.512,0.609,0.368,27,38,0.545,0.769,0.444,35,45
2022-01-26,UTA,PHO,97,105,-8,0,0.43,0.7390000000000001,0.4,20,39,0.488,0.667,0.389,14,44
2022-01-27,PHI,LAL,105,87,18,1,0.5,0.588,0.371,30,41,0.409,1.0,0.207,19,42
2022-01-27,GSW,MIN,124,115,9,1,0.537,0.7140000000000001,0.583,31,47,0.442,0.778,0.227,22,41
2022-01-28,ORL,DET,119,103,16,1,0.494,0.962,0.48,28,47,0.368,0.784,0.345,23,41
2022-01-28,ATL,BOS,108,92,16,1,0.461,0.7,0.387,19,43,0.349,0.926,0.194,15,52
2022-01-28,CHO,LAL,117,114,3,1,0.518,0.7140000000000001,0.306,25,50,0.418,0.7190000000000001,0.375,19,44
2022-01-28,HOU,POR,110,125,-15,0,0.481,0.774,0.244,25,38,0.568,0.8,0.436,20,34
2022-01-28,MEM,UTA,119,109,10,1,0.561,0.75,0.391,27,42,0.435,0.857,0.37,20,37
2022-01-28,MIA,LAC,121,114,7,1,0.471,0.963,0.441,28,51,0.446,0.7190000000000001,0.257,22,37
2022-01-28,NOP,DEN,105,116,-11,0,0.389,0.909,0.147,23,43,0.5,0.88,0.364,29,43
2022-01-28,OKC,IND,110,113,-3,0,0.453,0.588,0.326,22,43,0.4320000000000001,0.621,0.333,25,60
2022-01-28,SAS,CHI,131,122,9,1,0.526,0.833,0.4320000000000001,35,44,0.523,0.846,0.267,22,37
2022-01-28,PHO,MIN,134,124,10,1,0.512,0.757,0.513,36,49,0.489,0.815,0.359,20,38
2022-01-28,MIL,NYK,123,108,15,1,0.461,0.871,0.326,27,47,0.464,0.5710000000000001,0.35,21,45
2022-01-29,DAL,IND,132,105,27,1,0.531,0.636,0.471,31,46,0.44,0.696,0.273,25,47
2022-01-29,NOP,BOS,97,107,-10,0,0.439,0.7390000000000001,0.25,22,40,0.531,0.636,0.341,31,43
2022-01-29,PHI,SAC,103,101,2,1,0.514,0.731,0.4,24,36,0.439,0.85,0.343,24,43
2022-01-29,MEM,WAS,115,95,20,1,0.46,0.833,0.419,24,60,0.417,0.7140000000000001,0.345,27,37
2022-01-29,MIA,TOR,120,124,-4,0,0.409,0.7,0.32,26,61,0.439,0.778,0.35600000000000004,24,53
2022-01-29,GSW,BRK,110,106,4,1,0.408,0.889,0.311,24,55,0.398,0.81,0.393,21,52
2022-01-30,ATL,LAL,129,121,8,1,0.583,0.6559999999999999,0.32299999999999995,31,45,0.54,0.522,0.429,29,38
2022-01-30,CHO,LAC,90,115,-25,0,0.327,0.667,0.235,24,44,0.524,0.8420000000000001,0.393,23,60
2022-01-30,CHI,POR,130,116,14,1,0.556,0.944,0.406,36,44,0.518,0.75,0.462,23,36
2022-01-30,DET,CLE,115,105,10,1,0.462,0.84,0.385,26,48,0.463,0.64,0.382,25,41
2022-01-30,MIL,DEN,100,136,-36,0,0.474,0.727,0.333,23,32,0.602,0.7,0.535,39,41
2022-01-30,ORL,DAL,110,108,2,1,0.512,0.813,0.324,26,40,0.481,0.778,0.421,22,40
2022-01-30,MIN,UTA,126,106,20,1,0.551,0.833,0.419,35,40,0.469,0.7140000000000001,0.375,23,38
2022-01-30,PHO,SAS,115,110,5,1,0.495,0.667,0.344,31,46,0.45,0.875,0.35100000000000003,27,43
2022-01-31,CLE,NOP,93,90,3,1,0.429,0.857,0.29,26,37,0.388,0.857,0.2,26,51
2022-01-31,IND,LAC,122,116,6,1,0.526,0.667,0.483,31,50,0.469,0.846,0.341,25,41
2022-01-31,PHI,MEM,122,119,3,1,0.49,0.867,0.355,30,49,0.461,0.679,0.2,18,48
2022-01-31,ATL,TOR,100,106,-6,0,0.457,0.875,0.375,28,46,0.4270000000000001,0.706,0.5,21,43
2022-01-31,BOS,MIA,122,92,30,1,0.524,0.667,0.381,24,44,0.391,0.7,0.386,25,38
2022-01-31,NYK,SAC,116,96,20,1,0.5,0.7929999999999999,0.371,25,47,0.43,0.5,0.289,24,36
2022-01-31,HOU,GSW,108,122,-14,0,0.429,0.69,0.3720000000000001,25,37,0.5379999999999999,0.826,0.425,23,41
2022-01-31,OKC,POR,98,81,17,1,0.407,0.941,0.293,22,50,0.42,0.75,0.184,18,41
2022-02-01,DET,NOP,101,111,-10,0,0.488,0.7859999999999999,0.25,21,35,0.438,0.893,0.28600000000000003,24,46
2022-02-01,MIL,WAS,112,98,14,1,0.5,0.889,0.316,26,44,0.439,0.7,0.343,22,40
2022-02-01,TOR,MIA,110,106,4,1,0.481,0.69,0.462,20,43,0.487,0.88,0.267,26,38
2022-02-01,CHI,ORL,126,115,11,1,0.511,0.7929999999999999,0.3670000000000001,25,49,0.495,0.818,0.359,33,36
2022-02-01,MIN,DEN,130,115,15,1,0.495,0.76,0.422,35,52,0.4270000000000001,0.893,0.318,27,46
2022-02-01,SAS,GSW,120,124,-4,0,0.5539999999999999,0.706,0.485,33,34,0.448,1.0,0.435,30,46
2022-02-01,PHO,BRK,121,111,10,1,0.5529999999999999,0.8390000000000001,0.355,26,37,0.494,0.7140000000000001,0.4,25,33
2022-02-02,IND,ORL,118,119,-1,0,0.449,0.696,0.438,25,46,0.442,0.923,0.314,29,52
2022-02-02,PHI,WAS,103,106,-3,0,0.451,0.769,0.407,23,41,0.456,0.789,0.409,25,52
2022-02-02,BOS,CHO,113,107,6,1,0.512,0.882,0.389,31,42,0.425,0.778,0.3,18,46
2022-02-02,NYK,MEM,108,120,-12,0,0.4320000000000001,0.769,0.333,23,48,0.431,0.696,0.41,30,51
2022-02-02,HOU,CLE,115,104,11,1,0.476,0.6970000000000001,0.35,25,37,0.513,0.556,0.333,23,48
2022-02-02,DAL,OKC,114,120,-6,0,0.469,0.8,0.326,28,39,0.477,0.84,0.459,25,50
2022-02-02,SAC,BRK,112,101,11,1,0.441,0.889,0.333,23,48,0.488,0.7859999999999999,0.32,22,40
2022-02-02,UTA,DEN,108,104,4,1,0.488,0.773,0.241,21,37,0.532,0.75,0.393,24,39
2022-02-02,LAL,POR,99,94,5,1,0.423,0.667,0.3670000000000001,25,53,0.35700000000000004,0.526,0.333,23,55
2022-02-03,DET,MIN,117,128,-11,0,0.44,0.7859999999999999,0.326,27,45,0.506,0.893,0.441,29,42
2022-02-03,SAS,MIA,95,112,-17,0,0.375,0.711,0.242,21,43,0.506,0.889,0.4,27,42
2022-02-03,ATL,PHO,124,115,9,1,0.524,0.727,0.5,25,41,0.523,0.778,0.281,30,39
2022-02-03,TOR,CHI,127,120,7,1,0.425,0.895,0.389,30,58,0.478,0.917,0.414,30,51
2022-02-03,GSW,SAC,126,114,12,1,0.56,0.75,0.476,27,40,0.525,0.826,0.355,29,25
2022-02-03,LAC,LAL,111,110,1,1,0.517,0.545,0.433,29,43,0.466,0.68,0.379,19,44
2022-02-04,CHO,CLE,101,102,-1,0,0.413,0.917,0.326,27,52,0.4,0.8,0.4,26,51
2022-02-04,DET,BOS,93,102,-9,0,0.327,0.75,0.385,18,56,0.451,0.76,0.321,23,55
2022-02-04,IND,CHI,115,122,-7,0,0.495,1.0,0.444,25,37,0.544,0.7829999999999999,0.231,30,43
2022-02-04,TOR,ATL,125,114,11,1,0.568,0.889,0.63,29,45,0.462,0.905,0.31,27,40
2022-02-04,SAS,HOU,131,106,25,1,0.573,0.8,0.464,33,44,0.434,0.7929999999999999,0.333,15,35
2022-02-04,DEN,NOP,105,113,-8,0,0.449,0.941,0.463,22,31,0.56,0.913,0.32,27,38
2022-02-04,UTA,BRK,125,102,23,1,0.565,0.857,0.447,33,50,0.414,0.727,0.353,25,42
2022-02-04,DAL,PHI,107,98,9,1,0.459,0.826,0.294,22,40,0.514,0.7390000000000001,0.333,23,36
2022-02-04,POR,OKC,93,96,-3,0,0.396,0.7,0.182,18,53,0.379,0.7140000000000001,0.35700000000000004,24,52
2022-02-05,ORL,MEM,115,135,-20,0,0.433,0.69,0.354,27,38,0.505,0.727,0.333,33,62
2022-02-05,CHO,MIA,86,104,-18,0,0.384,0.625,0.278,23,50,0.418,0.944,0.344,27,49
2022-02-05,WAS,PHO,80,95,-15,0,0.353,0.789,0.208,14,42,0.404,0.5,0.258,26,64
2022-02-05,LAL,NYK,122,115,7,1,0.471,0.607,0.265,29,57,0.398,0.722,0.289,24,56
2022-02-05,POR,MIL,108,137,-29,0,0.482,0.5710000000000001,0.311,25,38,0.5329999999999999,0.727,0.46,36,44
2022-02-05,SAC,OKC,113,103,10,1,0.518,0.682,0.375,30,47,0.483,0.625,0.3,23,41
2022-02-06,CHI,PHI,108,119,-11,0,0.481,0.885,0.269,21,38,0.536,0.81,0.5,29,38
2022-02-06,DEN,BRK,124,104,20,1,0.521,0.762,0.313,37,55,0.414,0.727,0.39,24,36
2022-02-06,MIN,DET,118,105,13,1,0.462,0.81,0.472,27,51,0.421,0.684,0.375,28,47
2022-02-06,CLE,IND,98,85,13,1,0.405,0.679,0.344,25,50,0.373,0.882,0.258,17,47
2022-02-06,DAL,ATL,103,94,9,1,0.4320000000000001,0.846,0.444,25,48,0.389,0.938,0.2,21,50
2022-02-06,ORL,BOS,83,116,-33,0,0.358,0.952,0.192,17,40,0.455,0.929,0.28300000000000003,29,55
2022-02-06,HOU,NOP,107,120,-13,0,0.476,0.688,0.35600000000000004,28,33,0.532,0.722,0.414,29,33
2022-02-06,LAC,MIL,113,137,-24,0,0.417,0.938,0.391,26,44,0.545,0.815,0.5,28,50
2022-02-07,CHO,TOR,101,116,-15,0,0.411,0.875,0.225,28,38,0.488,0.655,0.429,21,51
2022-02-07,WAS,MIA,100,121,-21,0,0.45,0.913,0.226,25,33,0.5660000000000001,0.81,0.563,29,37
2022-02-07,CHI,PHO,124,127,-3,0,0.478,0.903,0.385,18,40,0.544,0.895,0.375,31,44
2022-02-07,OKC,GSW,98,110,-12,0,0.411,0.765,0.306,21,50,0.5,0.765,0.349,30,40
2022-02-07,UTA,NYK,113,104,9,1,0.419,0.852,0.25,19,49,0.379,0.6859999999999999,0.242,18,56
2022-02-08,PHI,PHO,109,114,-5,0,0.461,0.944,0.313,24,44,0.453,0.917,0.231,27,48
2022-02-08,ATL,IND,133,112,21,1,0.578,0.75,0.515,36,43,0.398,0.848,0.32299999999999995,22,43
2022-02-08,BRK,BOS,91,126,-35,0,0.384,0.385,0.278,22,40,0.5489999999999999,0.75,0.35,32,52
2022-02-08,MEM,LAC,135,109,26,1,0.515,0.8,0.34600000000000003,26,55,0.449,0.75,0.355,25,40
2022-02-08,NOP,HOU,110,97,13,1,0.525,0.9,0.25,27,43,0.3720000000000001,0.645,0.31,19,47
2022-02-08,DAL,DET,116,86,30,1,0.506,0.7829999999999999,0.5,24,47,0.379,0.682,0.16699999999999998,20,45
2022-02-08,DEN,NYK,132,115,17,1,0.541,0.774,0.41,31,52,0.446,0.833,0.349,25,41
2022-02-08,LAL,MIL,116,131,-15,0,0.518,0.6,0.313,28,41,0.542,0.6,0.417,31,42
2022-02-08,POR,ORL,95,113,-18,0,0.35200000000000004,0.769,0.289,21,50,0.489,0.75,0.5,34,50
2022-02-08,SAC,MIN,114,134,-20,0,0.494,0.885,0.36,29,38,0.481,0.706,0.5,34,49
2022-02-09,CLE,SAS,105,92,13,1,0.476,0.75,0.429,18,51,0.384,0.727,0.242,24,46
2022-02-09,CHO,CHI,109,121,-12,0,0.43,0.696,0.302,26,43,0.561,0.684,0.485,27,40
2022-02-09,OKC,TOR,98,117,-19,0,0.414,0.857,0.298,28,45,0.511,1.0,0.371,22,45
2022-02-09,POR,LAL,107,105,2,1,0.472,0.813,0.313,26,41,0.5539999999999999,0.462,0.459,29,38
2022-02-09,SAC,MIN,132,119,13,1,0.516,0.889,0.4,32,51,0.449,0.833,0.348,28,34
2022-02-09,UTA,GSW,111,85,26,1,0.461,0.706,0.333,26,52,0.359,0.765,0.3720000000000001,17,35
2022-02-10,DET,MEM,107,132,-25,0,0.436,0.857,0.2,27,40,0.478,0.69,0.5,32,60
2022-02-10,NOP,MIA,97,112,-15,0,0.424,0.875,0.268,19,39,0.481,0.857,0.313,25,43
2022-02-10,WAS,BRK,113,112,1,1,0.506,0.889,0.355,29,41,0.464,0.857,0.345,19,42
2022-02-10,HOU,TOR,120,139,-19,0,0.524,0.6,0.421,25,41,0.546,0.818,0.385,25,37
2022-02-10,DAL,LAC,112,105,7,1,0.487,0.852,0.333,19,41,0.481,0.72,0.391,24,31
2022-02-10,GSW,NYK,114,116,-2,0,0.462,0.882,0.333,27,38,0.433,0.727,0.389,24,51
2022-02-10,PHO,MIL,131,107,24,1,0.5670000000000001,0.69,0.3,35,43,0.455,0.68,0.263,18,39
2022-02-11,DET,CHO,119,141,-22,0,0.471,0.611,0.343,32,45,0.557,0.652,0.429,36,51
2022-02-11,IND,CLE,113,120,-7,0,0.472,0.688,0.474,25,38,0.531,0.833,0.375,20,32
2022-02-11,PHI,OKC,100,87,13,1,0.387,0.8079999999999999,0.269,19,55,0.389,0.917,0.171,21,52
2022-02-11,ATL,SAS,121,136,-15,0,0.456,0.867,0.326,28,49,0.556,0.857,0.563,37,41
2022-02-11,BOS,DEN,108,102,6,1,0.396,0.733,0.27,24,54,0.433,0.722,0.25,23,52
2022-02-11,CHI,MIN,134,122,12,1,0.632,0.769,0.452,32,43,0.5,0.813,0.325,32,32
2022-02-11,UTA,ORL,114,99,15,1,0.449,0.875,0.317,22,50,0.44,0.75,0.371,23,40
2022-02-12,POR,NYK,112,103,9,1,0.476,0.85,0.375,29,51,0.383,0.853,0.308,19,41
2022-02-12,CHO,MEM,118,125,-7,0,0.402,0.7879999999999999,0.311,28,53,0.49,0.606,0.333,31,57
2022-02-12,NOP,SAS,114,124,-10,0,0.494,0.85,0.344,22,46,0.505,0.8420000000000001,0.378,26,34
2022-02-12,WAS,SAC,110,123,-13,0,0.466,0.7140000000000001,0.342,26,32,0.5660000000000001,0.862,0.429,27,42
2022-02-12,PHI,CLE,103,93,10,1,0.481,0.81,0.455,24,40,0.468,0.867,0.333,21,34
2022-02-12,TOR,DEN,109,110,-1,0,0.489,0.647,0.353,22,35,0.464,0.857,0.378,28,50
2022-02-12,CHI,OKC,106,101,5,1,0.449,0.826,0.28,20,57,0.386,0.733,0.306,22,43
2022-02-12,MIA,BRK,115,111,4,1,0.5,0.7929999999999999,0.345,20,52,0.452,0.682,0.3,16,41
2022-02-12,DAL,LAC,97,99,-2,0,0.412,0.632,0.385,16,44,0.524,0.545,0.318,23,42
2022-02-12,GSW,LAL,117,115,2,1,0.444,0.735,0.316,24,50,0.466,0.667,0.407,25,48
2022-02-12,PHO,ORL,132,105,27,1,0.524,0.7,0.441,40,52,0.425,0.667,0.366,25,44
2022-02-13,BOS,ATL,105,95,10,1,0.424,0.815,0.289,21,54,0.366,1.0,0.316,18,48
2022-02-13,IND,MIN,120,129,-9,0,0.441,0.773,0.289,28,54,0.512,0.893,0.529,23,38
2022-02-14,WAS,DET,103,94,9,1,0.471,0.778,0.31,21,45,0.376,0.815,0.348,19,44
2022-02-14,BRK,SAC,109,85,24,1,0.512,0.933,0.34600000000000003,25,49,0.344,0.778,0.257,12,43
2022-02-14,NYK,OKC,123,127,-4,0,0.417,0.818,0.3,28,56,0.5,0.667,0.382,28,46
2022-02-14,CHI,SAS,120,109,11,1,0.523,0.857,0.417,25,53,0.478,0.7140000000000001,0.3,28,33
2022-02-14,MIL,POR,107,122,-15,0,0.4270000000000001,0.75,0.317,18,43,0.455,0.737,0.419,30,58
2022-02-14,NOP,TOR,120,90,30,1,0.584,0.875,0.457,36,47,0.305,0.774,0.235,8,44
2022-02-14,DEN,ORL,121,111,10,1,0.477,0.913,0.4,25,52,0.44,0.87,0.282,24,42
2022-02-14,UTA,HOU,135,101,34,1,0.551,0.8640000000000001,0.45,34,53,0.422,0.679,0.324,23,33
2022-02-14,LAC,GSW,119,104,15,1,0.565,0.5329999999999999,0.441,25,43,0.453,0.769,0.39,23,38
2022-02-15,ATL,CLE,124,116,8,1,0.5379999999999999,0.889,0.424,25,35,0.511,0.833,0.39,30,39
2022-02-15,MIA,DAL,99,107,-8,0,0.417,0.815,0.259,19,48,0.447,0.636,0.439,27,38
2022-02-15,PHI,BOS,87,135,-48,0,0.28800000000000003,0.846,0.25,17,40,0.561,0.818,0.556,28,51
2022-02-15,MIL,IND,128,119,9,1,0.5579999999999999,0.733,0.345,28,47,0.505,0.421,0.415,32,41
2022-02-15,MIN,CHO,126,120,6,1,0.394,0.628,0.236,29,58,0.412,0.757,0.242,31,62
2022-02-15,NOP,MEM,109,121,-12,0,0.5,0.85,0.154,20,34,0.5,0.63,0.294,29,49
2022-02-15,PHO,LAC,103,96,7,1,0.489,0.7,0.32,30,52,0.412,0.667,0.28600000000000003,26,46
2022-02-16 00:00:00,ORL,ATL,109,130,-21,0,0.429,0.9229999999999999,0.317,23,45,0.5,0.7859999999999999,0.545,23,47
2022-02-16 00:00:00,BOS,DET,111,112,-1,0,0.545,0.778,0.406,29,30,0.462,0.769,0.5329999999999999,28,47
2022-02-16 00:00:00,IND,WAS,113,108,5,1,0.542,0.655,0.2,30,40,0.429,0.813,0.45899999999999996,25,44
2022-02-16 00:00:00,NYK,BRK,106,111,-5,0,0.435,0.889,0.37200000000000005,22,44,0.439,0.609,0.324,21,51
2022-02-16 00:00:00,CHI,SAC,125,118,7,1,0.5,0.95,0.414,25,47,0.512,0.909,0.4,24,36
2022-02-16 00:00:00,MEM,POR,119,123,-4,0,0.435,0.81,0.36700000000000005,20,39,0.506,0.75,0.406,23,43
2022-02-16 00:00:00,MIN,TOR,91,103,-12,0,0.39,0.7240000000000001,0.23800000000000002,23,42,0.455,0.789,0.32,21,48
2022-02-16 00:00:00,OKC,SAS,106,114,-8,0,0.39,0.684,0.344,25,50,0.439,0.818,0.294,29,57
2022-02-16 00:00:00,PHO,HOU,124,121,3,1,0.512,0.8059999999999999,0.292,27,42,0.433,0.857,0.295,23,49
2022-02-16 00:00:00,GSW,DEN,116,117,-1,0,0.517,0.667,0.294,26,37,0.473,0.81,0.389,27,48
2022-02-16 00:00:00,LAL,UTA,106,101,5,1,0.47700000000000004,0.636,0.278,24,44,0.46799999999999997,0.8420000000000001,0.33299999999999996,17,41
2022-02-17 00:00:00,CHO,MIA,107,111,-4,0,0.4,0.7,0.23800000000000002,27,57,0.402,0.652,0.292,31,56
2022-02-17 00:00:00,BRK,WAS,103,117,-14,0,0.40399999999999997,0.708,0.368,19,42,0.5539999999999999,0.813,0.5,26,38
2022-02-17 00:00:00,NOP,DAL,118,125,-7,0,0.5,0.667,0.429,22,48,0.537,0.72,0.475,18,38
2022-02-17 00:00:00,MIL,PHI,120,123,-3,0,0.442,0.7859999999999999,0.318,20,44,0.5,0.852,0.353,21,46
2022-02-17 00:00:00,LAC,HOU,142,111,31,1,0.5539999999999999,0.846,0.514,34,50,0.462,0.737,0.35100000000000003,29,35
2022-02-24,DET,CLE,106,103,3,1,.407,.893,.324,23,49,.442,.676,.343,20,42
2022-02-24,BRK,BOS,106,129,-23,0,.415,.750,.241,25,38,.541,.741,.405,28,48
2022-02-24,CHI,ATL,112,108,4,1,.488,.815,.296,16,43,.423,.667,.286,20,45
2022-02-24,MIN,MEM,119,114,5,1,.462,.680,.381,26,42,.388,.725,.290,25,59
2022-02-24,OKC,PHO,104,124,-20,0,.473,.909,.194,22,42,.535,.905,.382,32,43
2022-02-24,POR,GSW,95,132,-37,0,.397,.828,.257,16,31,.511,.844,.366,36,46
2022-02-24,SAC,DEN,110,128,-18,0,.500,.833,.310,25,34,.558,.850,.429,30,39
