DATE,HOME_ABBR,VISITOR_ABBR,PTS_home,PTS_away,margin,FG_PCT_home,FT_PCT_home,FG3_PCT_home,AST_home,REB_home,FG_PCT_away,FT_PCT_away,FG3_PCT_away,AST_away,REB_away
2020-12-22,BRK,26,125.0,99.0,GSW,.457,.813,.429,24,57,.374,.652,.303,26,47
2020-12-22,LAL,-7,109.0,116.0,LAC,.469,.774,.310,22,45,.473,.737,.350,22,40
2020-12-23,CLE,7,121.0,114.0,CHO,.529,.750,.467,34,50,.500,.533,.364,29,32
2020-12-23,IND,14,121.0,107.0,NYK,.489,.724,.235,28,50,.459,.739,.429,25,40
2020-12-23,ORL,6,113.0,107.0,MIA,.477,.633,.357,23,41,.506,.842,.350,25,43
2020-12-23,PHI,6,113.0,107.0,WAS,.471,.767,.286,22,47,.459,.696,.481,28,40
2020-12-23,TOR,-14,99.0,113.0,NOP,.427,.750,.304,26,35,.525,.500,.452,30,45
2020-12-23,BOS,1,122.0,121.0,MIL,.475,.727,.450,23,37,.511,.833,.400,19,52
2020-12-23,CHI,-20,104.0,124.0,ATL,.414,.857,.229,20,37,.538,.828,.400,24,46
2020-12-23,MEM,-12,119.0,131.0,SAS,.516,.611,.370,27,42,.505,.862,.400,28,48
2020-12-23,MIN,10,111.0,101.0,DET,.432,.857,.268,25,48,.484,.375,.229,29,44
2020-12-23,DEN,-2,122.0,124.0,SAC,.480,.833,.276,28,46,.441,.774,.323,27,54
2020-12-23,POR,-20,100.0,120.0,UTA,.402,.824,.364,23,40,.457,.789,.380,24,59
2020-12-23,PHO,4,106.0,102.0,DAL,.481,.704,.367,21,48,.424,.808,.243,17,39
2020-12-25,MIA,13,111.0,98.0,NOP,.507,.826,.432,29,35,.397,.788,.286,18,41
2020-12-25,MIL,39,138.0,99.0,GSW,.556,.692,.556,25,60,.343,.840,.222,14,43
2020-12-25,BOS,-28,95.0,123.0,BRK,.378,.684,.296,23,47,.539,.839,.517,21,43
2020-12-25,LAL,23,138.0,115.0,DAL,.560,.708,.487,33,53,.494,.769,.406,20,27
2020-12-25,DEN,-13,108.0,121.0,LAC,.457,.742,.306,25,32,.554,.833,.500,32,38
2020-12-26,MEM,-10,112.0,122.0,ATL,.398,.862,.302,20,46,.427,.868,.361,23,54
2020-12-26,CHO,-2,107.0,109.0,OKC,.398,.625,.406,27,47,.455,.792,.278,25,54
2020-12-26,DET,-9,119.0,128.0,CLE,.408,.719,.356,24,57,.485,.633,.433,29,51
2020-12-26,WAS,-10,120.0,130.0,ORL,.484,.536,.351,28,43,.505,.793,.355,25,54
2020-12-26,NYK,-20,89.0,109.0,PHI,.386,.739,.276,19,43,.466,.727,.355,20,47
2020-12-26,CHI,-19,106.0,125.0,IND,.374,.880,.410,23,41,.559,.632,.346,34,49
2020-12-26,SAS,5,119.0,114.0,TOR,.470,.688,.412,36,53,.458,.733,.366,32,46
2020-12-26,UTA,-5,111.0,116.0,MIN,.383,.784,.294,15,57,.446,.722,.448,21,40
2020-12-26,POR,2,128.0,126.0,HOU,.461,.652,.422,27,45,.517,.781,.314,27,42
2020-12-26,SAC,3,106.0,103.0,PHO,.453,.697,.217,20,56,.418,.769,.250,25,40
2020-12-27,LAC,-51,73.0,124.0,DAL,.342,.850,.121,13,36,.494,.889,.341,25,54
2020-12-27,NOP,3,98.0,95.0,SAS,.383,.724,.208,15,56,.427,1.000,.306,26,47
2020-12-27,WAS,-7,113.0,120.0,ORL,.485,.846,.250,27,47,.435,.974,.360,19,45
2020-12-27,CHO,2,106.0,104.0,BRK,.448,.588,.294,35,52,.427,.680,.362,23,46
2020-12-27,CLE,24,118.0,94.0,PHI,.527,.813,.391,31,45,.418,.727,.324,24,39
2020-12-27,NYK,20,130.0,110.0,MIL,.541,.815,.593,27,46,.432,.724,.184,24,44
2020-12-27,IND,1,108.0,107.0,BOS,.511,.733,.269,23,37,.506,.750,.391,21,40
2020-12-27,CHI,-1,128.0,129.0,GSW,.512,.742,.415,27,54,.404,.900,.383,25,41
2020-12-27,SAC,-16,100.0,116.0,PHO,.474,.720,.435,21,39,.489,.909,.400,34,44
2020-12-27,LAL,36,127.0,91.0,MIN,.556,.778,.371,32,46,.369,.643,.171,24,48
2020-12-28,BRK,-5,111.0,116.0,MEM,.410,.882,.333,28,50,.429,.759,.345,20,56
2020-12-28,ATL,8,128.0,120.0,DET,.488,.875,.476,30,45,.439,.875,.317,24,48
2020-12-28,OKC,-1,109.0,110.0,UTA,.465,.737,.395,21,37,.500,.786,.361,24,43
2020-12-28,DEN,13,124.0,111.0,HOU,.529,.563,.452,31,52,.453,.739,.410,25,38
2020-12-28,LAL,-8,107.0,115.0,POR,.471,.833,.370,20,41,.467,.867,.348,27,45
2020-12-29,CLE,-9,86.0,95.0,NYK,.364,.682,.219,22,43,.430,.619,.560,23,55
2020-12-29,DET,-10,106.0,116.0,GSW,.380,.793,.371,21,45,.500,.722,.424,21,40
2020-12-29,IND,-5,111.0,116.0,BOS,.512,.813,.364,27,36,.500,.730,.409,21,43
2020-12-29,WAS,-8,107.0,115.0,CHI,.440,.885,.270,25,47,.437,.750,.417,26,37
2020-12-29,PHI,7,100.0,93.0,TOR,.381,.848,.258,21,54,.356,.857,.378,21,47
2020-12-29,MIA,-47,97.0,144.0,MIL,.468,.667,.297,23,30,.554,.867,.569,32,45
2020-12-29,OKC,-11,107.0,118.0,ORL,.494,.526,.324,20,47,.510,.813,.318,26,46
2020-12-29,PHO,25,111.0,86.0,NOP,.440,.947,.404,24,43,.481,.500,.125,18,41
2020-12-29,SAC,10,125.0,115.0,DEN,.489,.773,.485,33,37,.543,.800,.393,27,39
2020-12-29,LAC,23,124.0,101.0,MIN,.534,.875,.516,32,46,.416,.824,.342,22,39
2020-12-30,MIA,11,119.0,108.0,MIL,.488,.828,.385,25,52,.392,.923,.390,26,47
2020-12-30,BRK,4,145.0,141.0,ATL,.540,.783,.463,30,40,.475,.829,.391,27,54
2020-12-30,BOS,19,126.0,107.0,MEM,.538,.857,.410,27,42,.430,.720,.273,26,46
2020-12-30,DAL,-19,99.0,118.0,CHO,.391,.576,.286,24,39,.512,.810,.441,30,50
2020-12-30,SAS,-14,107.0,121.0,LAL,.460,.739,.417,25,39,.561,.750,.538,25,47
2020-12-30,LAC,23,128.0,105.0,POR,.495,.727,.474,30,47,.421,.853,.316,14,41
2020-12-31,IND,20,119.0,99.0,CLE,.483,.792,.457,28,44,.451,.542,.522,22,43
2020-12-31,WAS,-3,130.0,133.0,CHI,.500,.780,.483,27,37,.543,.760,.389,34,44
2020-12-31,ORL,-24,92.0,116.0,PHI,.347,.905,.250,17,48,.484,.867,.455,23,54
2020-12-31,HOU,3,122.0,119.0,SAC,.523,.760,.361,26,45,.469,.750,.333,23,45
2020-12-31,TOR,17,100.0,83.0,NYK,.410,.714,.327,21,53,.364,.800,.083,21,48
2020-12-31,OKC,-33,80.0,113.0,NOP,.375,.333,.313,24,40,.484,.632,.361,23,58
2020-12-31,UTA,-11,95.0,106.0,PHO,.417,.684,.353,16,46,.488,.700,.515,26,41
2021-01-01,CHO,-15,93.0,108.0,MEM,.407,.667,.290,23,42,.478,.800,.359,34,48
2021-01-01,DAL,10,93.0,83.0,MIA,.410,.739,.324,18,49,.372,.720,.212,20,41
2021-01-01,DET,3,96.0,93.0,BOS,.409,.650,.324,18,48,.470,.500,.258,20,44
2021-01-01,BRK,-18,96.0,114.0,ATL,.407,.826,.189,19,45,.462,.857,.410,24,48
2021-01-01,MIL,30,126.0,96.0,CHI,.494,.667,.489,27,44,.437,.700,.231,18,42
2021-01-01,MIN,-21,109.0,130.0,WAS,.477,.571,.361,17,43,.551,.762,.485,35,43
2021-01-01,SAS,-6,103.0,109.0,LAL,.424,.692,.382,23,45,.406,.813,.424,27,58
2021-01-01,DEN,-3,103.0,106.0,PHO,.453,.813,.414,28,38,.487,.905,.371,24,37
2021-01-01,UTA,6,106.0,100.0,LAC,.461,.643,.357,28,46,.388,.875,.394,19,43
2021-01-01,GSW,-25,98.0,123.0,POR,.392,.879,.200,19,44,.435,.767,.465,23,51
2021-01-02,HOU,8,102.0,94.0,SAC,.444,.739,.317,15,48,.389,.714,.321,11,47
2021-01-02,IND,-4,102.0,106.0,NYK,.405,.833,.380,22,32,.506,.769,.444,23,51
2021-01-02,ORL,-9,99.0,108.0,OKC,.370,.750,.263,21,55,.442,.905,.317,22,52
2021-01-02,PHI,15,127.0,112.0,CHO,.595,.708,.457,35,45,.413,.885,.371,34,40
2021-01-02,ATL,-5,91.0,96.0,CLE,.412,.526,.344,22,48,.418,.765,.241,19,46
2021-01-02,NOP,4,120.0,116.0,TOR,.422,.766,.368,26,50,.418,.963,.292,21,40
2021-01-03,DET,-2,120.0,122.0,BOS,.477,.880,.444,29,33,.563,.692,.455,35,41
2021-01-03,BRK,-1,122.0,123.0,WAS,.494,.903,.438,25,51,.413,.735,.364,27,49
2021-01-03,MEM,-14,94.0,108.0,LAL,.411,.875,.273,23,50,.461,.737,.343,24,49
2021-01-03,MIN,-15,109.0,124.0,DEN,.518,.688,.323,30,36,.489,.714,.422,34,43
2021-01-03,SAS,-21,109.0,130.0,UTA,.419,.714,.316,23,45,.551,.579,.512,29,57
2021-01-03,CHI,10,118.0,108.0,DAL,.459,.900,.351,16,48,.438,.704,.262,23,41
2021-01-03,PHO,-5,107.0,112.0,LAC,.493,.821,.303,23,40,.482,.789,.586,24,37
2021-01-03,GSW,15,137.0,122.0,POR,.557,.765,.382,23,53,.418,.788,.326,16,40
2021-01-04,ORL,20,103.0,83.0,CLE,.432,.923,.441,22,54,.388,.583,.357,20,35
2021-01-04,PHI,17,118.0,101.0,CHO,.484,.652,.344,34,55,.419,.727,.333,30,47
2021-01-04,ATL,-5,108.0,113.0,NYK,.460,.783,.323,24,40,.506,.800,.333,26,45
2021-01-04,MIA,28,118.0,90.0,OKC,.568,.556,.471,34,47,.367,.704,.271,20,38
2021-01-04,TOR,-12,114.0,126.0,BOS,.400,.763,.351,20,37,.488,.853,.517,19,56
2021-01-04,HOU,-13,100.0,113.0,DAL,.390,.806,.275,17,35,.476,.950,.410,24,51
2021-01-04,MIL,10,125.0,115.0,DET,.576,.813,.412,32,49,.439,1.000,.425,27,31
2021-01-04,NOP,-2,116.0,118.0,IND,.436,.792,.333,26,57,.484,.692,.422,32,42
2021-01-04,GSW,31,137.0,106.0,SAC,.526,.857,.535,41,48,.378,.718,.286,20,52
2021-01-05,BRK,34,130.0,96.0,UTA,.559,.750,.389,31,51,.384,.704,.324,17,41
2021-01-05,MEM,-2,92.0,94.0,LAL,.414,.769,.385,24,38,.437,.818,.290,24,52
2021-01-05,DEN,7,123.0,116.0,MIN,.519,.733,.320,22,42,.462,.778,.324,24,42
2021-01-05,LAC,-3,113.0,116.0,SAS,.500,.923,.429,29,45,.458,.727,.500,23,44
2021-01-05,POR,-3,108.0,111.0,CHI,.415,.647,.373,23,46,.440,.833,.390,27,52
2021-01-06,IND,7,114.0,107.0,HOU,.472,.808,.391,21,38,.481,.808,.267,19,39
2021-01-06,ORL,11,105.0,94.0,CLE,.494,.722,.414,20,43,.424,.692,.154,24,45
2021-01-06,PHI,5,141.0,136.0,WAS,.617,.697,.621,33,35,.500,.743,.432,27,35
2021-01-06,ATL,-8,94.0,102.0,CHO,.375,.833,.175,25,57,.376,.818,.306,22,49
2021-01-06,MIA,-2,105.0,107.0,BOS,.432,.846,.361,26,42,.424,.917,.343,22,53
2021-01-06,NYK,12,112.0,100.0,UTA,.517,.737,.364,22,48,.440,.545,.318,20,42
2021-01-06,MIL,15,130.0,115.0,DET,.544,.619,.442,35,47,.392,.867,.317,20,47
2021-01-06,NOP,-1,110.0,111.0,OKC,.494,.783,.182,25,52,.460,.750,.413,28,38
2021-01-06,PHO,8,123.0,115.0,TOR,.482,.917,.525,30,41,.494,.719,.400,18,42
2021-01-06,GSW,-7,101.0,108.0,LAC,.453,.789,.267,25,35,.444,1.000,.324,19,48
2021-01-06,SAC,4,128.0,124.0,CHI,.516,.741,.378,30,39,.527,.800,.350,27,43
2021-01-07,BRK,13,122.0,109.0,PHI,.454,.655,.405,30,48,.471,.900,.346,23,47
2021-01-07,MEM,-4,90.0,94.0,CLE,.434,.875,.355,27,48,.456,.563,.433,24,37
2021-01-07,DEN,-7,117.0,124.0,DAL,.443,.762,.341,25,47,.483,.774,.400,27,44
2021-01-07,LAL,-9,109.0,118.0,SAS,.500,.619,.333,21,48,.467,.941,.457,28,40
2021-01-07,POR,18,135.0,117.0,MIN,.544,.826,.439,25,44,.419,.758,.341,24,48
2021-01-08,DET,5,110.0,105.0,PHO,.411,.862,.324,23,46,.451,.462,.327,24,50
2021-01-08,BOS,9,116.0,107.0,WAS,.477,.733,.375,21,49,.466,.875,.379,22,38
2021-01-08,NOP,-8,110.0,118.0,CHO,.494,.731,.395,29,36,.471,.800,.381,33,45
2021-01-08,NYK,-12,89.0,101.0,OKC,.354,.600,.333,19,49,.437,.667,.324,16,62
2021-01-08,HOU,42,132.0,90.0,ORL,.560,.727,.468,34,49,.382,.875,.276,17,42
2021-01-08,MEM,5,115.0,110.0,BRK,.459,.857,.406,29,46,.469,.952,.452,26,42
2021-01-08,MIL,-13,118.0,131.0,UTA,.449,.810,.310,18,45,.505,.615,.472,31,50
2021-01-08,GSW,10,115.0,105.0,LAC,.488,.833,.488,25,38,.482,.846,.452,23,37
2021-01-08,LAL,2,117.0,115.0,CHI,.506,.852,.414,21,42,.505,.929,.385,26,41
2021-01-08,SAC,-21,123.0,144.0,TOR,.568,.571,.441,36,26,.582,.818,.513,30,44
2021-01-09,PHI,-12,103.0,115.0,DEN,.417,.600,.314,23,48,.500,.867,.364,28,45
2021-01-09,CHO,8,113.0,105.0,ATL,.519,.750,.455,27,41,.382,.821,.311,25,47
2021-01-09,IND,-8,117.0,125.0,PHO,.478,.708,.414,23,52,.489,1.000,.390,33,40
2021-01-09,WAS,-4,124.0,128.0,MIA,.444,.750,.375,25,39,.495,.769,.372,32,61
2021-01-09,MIL,10,100.0,90.0,CLE,.440,.778,.333,25,45,.414,.688,.269,16,47
2021-01-09,MIN,-3,122.0,125.0,SAS,.500,.647,.500,29,53,.436,.828,.406,22,48
2021-01-09,DAL,14,112.0,98.0,ORL,.494,.778,.500,25,44,.427,.727,.194,17,43
2021-01-09,SAC,-26,99.0,125.0,POR,.407,.714,.267,21,47,.440,.870,.415,26,50
2021-01-10,DET,-10,86.0,96.0,UTA,.333,.857,.238,21,39,.427,.682,.314,17,63
2021-01-10,LAC,3,130.0,127.0,CHI,.489,.800,.526,28,35,.610,.882,.545,30,38
2021-01-10,BRK,-13,116.0,129.0,OKC,.506,.833,.294,23,43,.544,.941,.385,24,34
2021-01-10,NYK,-25,89.0,114.0,DEN,.432,.760,.286,19,36,.536,.750,.429,23,43
2021-01-10,HOU,-18,102.0,120.0,LAL,.411,.696,.293,22,43,.505,.750,.345,28,49
2021-01-10,MIN,8,96.0,88.0,SAS,.420,.826,.346,19,52,.383,.571,.267,21,45
2021-01-10,GSW,1,106.0,105.0,TOR,.409,.895,.283,30,51,.406,.636,.342,20,48
2021-01-11,CHO,21,109.0,88.0,NYK,.487,.870,.406,28,37,.391,.647,.243,20,49
2021-01-11,CLE,-10,91.0,101.0,MEM,.451,.429,.423,20,40,.513,.762,.250,32,40
2021-01-11,ORL,-22,99.0,121.0,MIL,.429,.769,.355,24,44,.505,.800,.371,25,43
2021-01-11,WAS,21,128.0,107.0,PHO,.522,.607,.441,29,53,.448,.833,.148,21,42
2021-01-11,ATL,18,112.0,94.0,PHI,.374,.778,.386,20,58,.402,.923,.222,20,50
2021-01-11,POR,1,112.0,111.0,TOR,.458,.880,.333,18,42,.449,1.000,.404,27,43
2021-01-11,SAC,5,127.0,122.0,IND,.560,.783,.469,29,44,.485,.833,.333,26,37
2021-01-12,PHI,3,137.0,134.0,MIA,.490,.720,.345,32,52,.462,.792,.339,27,46
2021-01-12,BRK,6,122.0,116.0,DEN,.608,.667,.500,31,41,.500,.625,.486,28,32
2021-01-12,CLE,-30,87.0,117.0,UTA,.389,.643,.258,23,40,.500,.750,.533,26,48
2021-01-12,HOU,-17,100.0,117.0,LAL,.392,.750,.300,23,42,.500,.704,.438,26,55
2021-01-12,OKC,-10,102.0,112.0,SAS,.434,.793,.269,18,52,.432,.909,.286,26,46
2021-01-12,GSW,-9,95.0,104.0,IND,.382,.636,.342,25,46,.443,.680,.321,26,50
2021-01-13,CHO,-11,93.0,104.0,DAL,.380,.500,.263,26,53,.417,.563,.326,22,54
2021-01-13,DET,-9,101.0,110.0,MIL,.391,.682,.400,25,47,.482,.643,.442,31,48
2021-01-13,NYK,-7,109.0,116.0,BRK,.478,.833,.393,22,43,.484,.706,.400,29,46
2021-01-13,MIN,-11,107.0,118.0,MEM,.433,.833,.243,27,48,.472,.769,.320,33,47
2021-01-13,OKC,-29,99.0,128.0,LAL,.430,.789,.323,23,42,.495,.773,.459,26,50
2021-01-13,LAC,5,111.0,106.0,NOP,.473,.852,.486,26,36,.477,.750,.357,18,48
2021-01-13,SAC,-6,126.0,132.0,POR,.524,.731,.500,35,42,.489,.778,.479,28,38
2021-01-14,PHI,17,125.0,108.0,MIA,.537,.833,.459,27,35,.494,.615,.353,28,41
2021-01-14,SAS,-4,105.0,109.0,HOU,.457,.750,.290,26,41,.488,.632,.394,25,49
2021-01-14,TOR,3,111.0,108.0,CHO,.455,.846,.400,33,40,.483,.750,.429,32,44
2021-01-14,DEN,10,114.0,104.0,GSW,.456,.778,.297,29,50,.469,.708,.379,29,43
2021-01-14,POR,-24,87.0,111.0,IND,.368,1.000,.302,16,43,.478,.778,.300,29,50
2021-01-15,BOS,27,124.0,97.0,ORL,.511,.895,.405,25,45,.404,.636,.250,14,46
2021-01-15,CLE,3,106.0,103.0,NYK,.456,.735,.333,26,48,.488,.875,.360,20,39
2021-01-15,MIL,3,112.0,109.0,DAL,.448,.480,.378,22,57,.464,.462,.361,22,51
2021-01-15,OKC,2,127.0,125.0,CHI,.457,.667,.333,26,44,.473,.720,.457,27,56
2021-01-15,UTA,24,116.0,92.0,ATL,.467,.714,.455,27,53,.413,.733,.179,21,41
2021-01-15,LAL,17,112.0,95.0,NOP,.419,.731,.405,31,44,.477,.500,.310,22,47
2021-01-15,SAC,-38,100.0,138.0,LAC,.471,.706,.308,23,32,.584,.800,.514,29,47
2021-01-16,SAS,12,103.0,91.0,HOU,.400,.783,.208,19,58,.369,.630,.375,20,51
2021-01-16,BRK,7,122.0,115.0,ORL,.538,.880,.457,24,41,.463,.813,.304,28,38
2021-01-16,TOR,3,116.0,113.0,CHO,.419,.885,.429,28,43,.437,.759,.417,26,48
2021-01-16,MEM,2,106.0,104.0,PHI,.434,.667,.276,27,43,.440,.719,.280,23,53
2021-01-16,MIA,-20,100.0,120.0,DET,.478,.889,.414,25,31,.505,.667,.391,34,39
2021-01-16,POR,6,112.0,106.0,ATL,.388,.850,.341,18,55,.437,.857,.200,24,48
2021-01-17,BOS,-30,75.0,105.0,NYK,.298,.621,.152,15,43,.475,.810,.387,22,53
2021-01-17,DAL,-16,101.0,117.0,CHI,.441,.579,.258,18,47,.506,.727,.280,32,47
2021-01-17,DEN,-4,105.0,109.0,UTA,.400,.733,.378,25,52,.513,.571,.405,24,36
2021-01-17,SAC,-5,123.0,128.0,NOP,.516,.889,.333,23,33,.529,.794,.500,24,48
2021-01-17,LAC,33,129.0,96.0,IND,.552,.700,.487,27,52,.416,.688,.289,28,33
2021-01-18,NYK,7,91.0,84.0,ORL,.356,.706,.185,15,53,.337,.875,.316,18,51
2021-01-18,ATL,11,108.0,97.0,MIN,.468,.920,.393,32,48,.396,.688,.378,22,39
2021-01-18,POR,-21,104.0,125.0,SAS,.433,.842,.286,20,34,.533,.875,.455,33,48
2021-01-18,MEM,4,108.0,104.0,PHO,.494,.750,.423,31,40,.455,.563,.417,30,44
2021-01-18,BRK,2,125.0,123.0,MIL,.548,.857,.484,26,49,.438,.833,.289,21,41
2021-01-18,TOR,23,116.0,93.0,DAL,.500,.889,.364,23,46,.378,.815,.250,21,38
2021-01-18,CHI,5,125.0,120.0,HOU,.467,.905,.444,23,47,.523,.647,.425,25,36
2021-01-18,MIA,6,113.0,107.0,DET,.573,.789,.400,23,36,.463,.750,.351,24,32
2021-01-18,LAL,-2,113.0,115.0,GSW,.482,.727,.310,23,50,.506,.750,.324,31,32
2021-01-19,DEN,18,119.0,101.0,OKC,.438,.929,.333,29,58,.419,.652,.326,22,41
2021-01-19,UTA,16,118.0,102.0,NOP,.506,.647,.447,28,54,.453,.667,.231,17,38
2021-01-20,CLE,12,147.0,135.0,BRK,.514,.714,.500,29,50,.453,.889,.366,30,52
2021-01-20,IND,-12,112.0,124.0,DAL,.446,.667,.410,21,38,.526,.824,.296,32,49
2021-01-20,PHI,8,117.0,109.0,BOS,.462,.800,.333,20,41,.472,.650,.364,22,45
2021-01-20,ATL,8,123.0,115.0,DET,.440,.684,.391,21,63,.454,.895,.323,22,42
2021-01-20,TOR,-9,102.0,111.0,MIA,.398,.889,.327,27,41,.488,.882,.450,29,46
2021-01-20,MIN,-1,96.0,97.0,ORL,.424,.643,.429,25,43,.391,.714,.323,26,48
2021-01-20,HOU,-6,103.0,109.0,PHO,.420,.864,.323,17,39,.472,.895,.235,25,45
2021-01-20,GSW,22,121.0,99.0,SAS,.505,.700,.395,31,54,.372,.806,.121,17,43
2021-01-20,LAC,19,115.0,96.0,SAC,.477,.944,.457,24,48,.453,.417,.464,25,39
2021-01-21,MIL,-7,106.0,113.0,LAL,.506,.750,.321,27,46,.466,.800,.514,25,38
2021-01-21,GSW,-15,104.0,119.0,NYK,.384,.744,.237,27,46,.463,.780,.458,24,55
2021-01-21,UTA,11,129.0,118.0,NOP,.500,.960,.436,27,39,.494,.767,.440,27,41
2021-01-22,CHO,-13,110.0,123.0,CHI,.494,.760,.219,22,46,.510,.833,.349,33,43
2021-01-22,DET,-1,102.0,103.0,HOU,.378,.676,.469,17,55,.389,.750,.341,24,51
2021-01-22,IND,2,120.0,118.0,ORL,.495,.889,.353,28,44,.457,.625,.459,29,49
2021-01-22,CLE,12,125.0,113.0,BRK,.517,.844,.320,24,50,.483,.882,.326,23,29
2021-01-22,PHI,12,122.0,110.0,BOS,.556,.833,.429,23,45,.456,.800,.400,23,32
2021-01-22,TOR,20,101.0,81.0,MIA,.464,.667,.425,22,45,.429,.800,.226,19,32
2021-01-22,MIN,-18,98.0,116.0,ATL,.430,.833,.250,30,40,.458,.833,.429,21,55
2021-01-22,SAS,-5,117.0,122.0,DAL,.461,.767,.429,21,49,.484,.900,.359,23,42
2021-01-22,LAC,14,120.0,106.0,OKC,.512,.960,.303,21,48,.471,.769,.333,24,29
2021-01-22,PHO,-4,126.0,130.0,DEN,.500,1.000,.386,30,45,.515,.947,.231,32,43
2021-01-22,SAC,9,103.0,94.0,NYK,.418,.714,.353,21,55,.383,.680,.227,19,57
2021-01-23,BRK,4,128.0,124.0,MIA,.530,.808,.514,34,47,.472,.844,.283,29,31
2021-01-23,DET,-4,110.0,114.0,PHI,.430,.733,.424,25,43,.458,.789,.348,14,49
2021-01-23,MIN,10,120.0,110.0,NOP,.429,.811,.353,23,50,.460,.714,.303,21,42
2021-01-23,CHI,-11,90.0,101.0,LAL,.393,.727,.320,18,45,.456,.806,.211,20,42
2021-01-23,DAL,-25,108.0,133.0,HOU,.446,.725,.200,15,36,.547,.793,.432,28,52
2021-01-23,PHO,-8,112.0,120.0,DEN,.402,.778,.302,26,50,.412,.781,.417,22,65
2021-01-23,UTA,19,127.0,108.0,GSW,.479,.773,.400,28,57,.452,.667,.359,30,35
2021-01-24,IND,-5,102.0,107.0,TOR,.402,.864,.333,23,47,.411,.692,.429,24,45
2021-01-24,LAC,8,108.0,100.0,OKC,.446,.750,.304,26,46,.442,.643,.200,22,51
2021-01-24,BOS,38,141.0,103.0,CLE,.559,.852,.500,26,55,.400,.735,.303,24,34
2021-01-24,ORL,-3,104.0,107.0,CHO,.448,.692,.447,27,43,.477,.563,.389,28,43
2021-01-24,MIL,14,129.0,115.0,ATL,.549,.704,.323,32,52,.506,.773,.359,27,27
2021-01-24,SAS,20,121.0,101.0,WAS,.500,.909,.484,27,44,.424,.643,.333,23,50
2021-01-24,POR,3,116.0,113.0,NYK,.470,.913,.370,19,39,.453,.920,.414,20,47
2021-01-25,DET,15,119.0,104.0,PHI,.500,.842,.447,22,47,.426,.750,.321,15,36
2021-01-25,IND,15,129.0,114.0,TOR,.513,.822,.414,26,45,.409,.889,.368,24,39
2021-01-25,ORL,9,117.0,108.0,CHO,.477,.636,.514,31,49,.438,.704,.289,22,41
2021-01-25,BRK,13,98.0,85.0,MIA,.400,.864,.289,24,49,.369,.706,.256,20,45
2021-01-25,CLE,-7,108.0,115.0,LAL,.465,.864,.429,19,44,.483,.750,.313,21,40
2021-01-25,DAL,-4,113.0,117.0,DEN,.488,.833,.344,26,34,.506,.786,.429,25,49
2021-01-25,CHI,-16,103.0,119.0,BOS,.466,.400,.436,28,41,.506,.800,.517,28,44
2021-01-25,GSW,22,130.0,108.0,MIN,.494,.757,.467,21,46,.415,.880,.333,26,47
2021-01-25,POR,-3,122.0,125.0,OKC,.469,.762,.341,17,50,.512,.600,.450,25,43
2021-01-26,ATL,9,108.0,99.0,LAC,.463,.960,.385,20,46,.404,.864,.308,23,46
2021-01-26,HOU,19,107.0,88.0,WAS,.420,.724,.324,16,44,.393,.739,.192,19,49
2021-01-26,UTA,14,108.0,94.0,NYK,.402,.864,.313,24,53,.434,.706,.370,15,44
2021-01-27,CHO,-10,106.0,116.0,IND,.411,.905,.342,28,39,.511,.833,.400,34,47
2021-01-27,CLE,15,122.0,107.0,DET,.540,.739,.524,24,37,.451,.759,.407,29,40
2021-01-27,ORL,-14,107.0,121.0,SAC,.417,.944,.385,25,47,.489,.654,.424,30,50
2021-01-27,ATL,-4,128.0,132.0,BRK,.479,.893,.394,29,37,.531,.850,.344,29,36
2021-01-27,MIA,-27,82.0,109.0,DEN,.375,.818,.289,24,38,.457,1.000,.326,29,49
2021-01-27,PHI,1,107.0,106.0,LAL,.482,.615,.360,24,38,.477,.640,.333,20,37
2021-01-27,TOR,-7,108.0,115.0,MIL,.404,.833,.400,26,46,.430,.731,.364,30,59
2021-01-27,SAS,4,110.0,106.0,BOS,.561,.625,.286,22,46,.429,.857,.333,15,39
2021-01-27,NOP,18,124.0,106.0,WAS,.517,.625,.395,27,50,.402,.905,.342,29,39
2021-01-27,PHO,-5,97.0,102.0,OKC,.379,.833,.349,19,49,.447,.714,.400,21,48
2021-01-27,UTA,12,116.0,104.0,DAL,.462,.762,.390,20,50,.462,.889,.343,22,36
2021-01-27,GSW,12,123.0,111.0,MIN,.529,.783,.441,32,46,.425,.697,.389,23,39
2021-01-28,HOU,3,104.0,101.0,POR,.422,.833,.277,19,47,.419,.750,.415,16,49
2021-01-28,DET,15,107.0,92.0,LAL,.460,1.000,.389,27,38,.409,.667,.429,25,44
2021-01-28,MIA,-4,105.0,109.0,LAC,.444,.800,.394,24,45,.414,.909,.405,22,55
2021-01-28,PHO,21,114.0,93.0,GSW,.466,.913,.344,34,57,.384,.750,.289,21,48
2021-01-29,CHO,3,108.0,105.0,IND,.506,.667,.432,35,42,.483,.769,.314,30,39
2021-01-29,WAS,-16,100.0,116.0,ATL,.365,.816,.250,13,47,.448,.765,.324,16,47
2021-01-29,NOP,5,131.0,126.0,MIL,.469,.714,.438,32,45,.500,.773,.371,29,49
2021-01-29,NYK,21,102.0,81.0,CLE,.488,.875,.370,20,41,.345,.833,.308,15,43
2021-01-29,TOR,-2,124.0,126.0,SAC,.488,.818,.406,20,35,.551,.774,.444,31,38
2021-01-29,MIN,-24,94.0,118.0,PHI,.427,.778,.303,20,38,.448,.842,.500,20,51
2021-01-29,OKC,-22,125.0,147.0,BRK,.465,.853,.421,23,36,.570,.875,.422,33,50
2021-01-29,ORL,-26,90.0,116.0,LAC,.360,.889,.303,20,49,.489,1.000,.351,25,49
2021-01-29,SAS,10,119.0,109.0,DEN,.543,.808,.435,29,41,.526,.650,.452,25,37
2021-01-29,UTA,19,120.0,101.0,DAL,.437,.923,.417,21,56,.430,.667,.273,20,40
2021-01-30,CHI,-1,122.0,123.0,POR,.506,1.000,.467,31,43,.511,.842,.405,20,35
2021-01-30,CHO,12,126.0,114.0,MIL,.478,.850,.477,32,41,.488,.667,.400,22,46
2021-01-30,MIA,1,105.0,104.0,SAC,.468,.846,.344,25,39,.482,.455,.378,22,41
2021-01-30,NOP,-14,112.0,126.0,HOU,.451,.621,.293,27,48,.489,.800,.435,32,45
2021-01-30,BOS,-1,95.0,96.0,LAL,.488,.643,.286,24,42,.440,.684,.290,20,45
2021-01-30,SAS,-17,112.0,129.0,MEM,.470,.808,.448,25,38,.560,.667,.486,34,45
2021-01-30,DAL,-6,105.0,111.0,PHO,.530,.571,.310,22,37,.457,.871,.455,22,42
2021-01-30,GSW,27,118.0,91.0,DET,.528,.700,.472,34,47,.377,.750,.250,17,38
2021-01-31,NYK,-14,115.0,129.0,LAC,.482,.821,.370,21,36,.543,.857,.447,26,38
2021-01-31,DEN,11,128.0,117.0,UTA,.540,.842,.643,28,39,.427,.846,.426,28,38
2021-01-31,IND,-9,110.0,119.0,PHI,.488,.818,.357,21,41,.489,.677,.308,20,44
2021-01-31,TOR,13,115.0,102.0,ORL,.456,.955,.308,27,48,.402,.821,.361,22,42
2021-01-31,WAS,3,149.0,146.0,BRK,.519,.781,.308,24,39,.568,.818,.528,33,45
2021-01-31,MIN,5,109.0,104.0,CLE,.451,.733,.400,24,34,.488,.783,.250,20,55
2021-02-01,ATL,-8,99.0,107.0,LAL,.474,.824,.379,27,36,.519,.833,.304,24,31
2021-02-01,MIA,-8,121.0,129.0,CHO,.473,.640,.413,28,48,.453,.846,.512,31,44
2021-02-01,CHI,8,110.0,102.0,NYK,.477,.750,.324,30,40,.425,.846,.207,21,45
2021-02-01,CLE,2,100.0,98.0,MIN,.417,.742,.318,26,52,.392,.636,.289,20,45
2021-02-01,MIL,28,134.0,106.0,POR,.552,.583,.500,38,53,.375,1.000,.357,19,45
2021-02-01,NOP,-9,109.0,118.0,SAC,.396,.833,.300,22,46,.477,.769,.326,31,52
2021-02-01,OKC,-30,106.0,136.0,HOU,.438,.789,.382,21,45,.480,.909,.538,30,50
2021-02-01,DAL,-1,108.0,109.0,PHO,.430,.960,.313,16,42,.467,.833,.371,19,45
2021-02-01,SAS,-31,102.0,133.0,MEM,.416,.682,.351,28,42,.559,.778,.500,37,53
2021-02-02,ORL,-15,108.0,123.0,TOR,.461,.857,.368,24,46,.482,.920,.444,32,40
2021-02-02,BRK,4,124.0,120.0,LAC,.570,.808,.419,25,44,.455,.882,.417,21,39
2021-02-02,IND,18,134.0,116.0,MEM,.598,.690,.552,30,42,.452,.958,.360,27,36
2021-02-02,WAS,-11,121.0,132.0,POR,.554,.765,.400,32,39,.463,1.000,.457,19,44
2021-02-02,GSW,-4,107.0,111.0,BOS,.458,.696,.405,30,36,.464,.741,.382,16,51
2021-02-02,UTA,12,117.0,105.0,DET,.463,.862,.381,23,44,.419,.900,.333,18,46
2021-02-03,CHO,-7,111.0,118.0,PHI,.448,.826,.378,28,37,.519,.813,.417,23,40
2021-02-03,MIL,20,130.0,110.0,IND,.471,.929,.438,33,53,.453,.867,.324,28,46
2021-02-03,ATL,-6,116.0,122.0,DAL,.500,.706,.368,31,46,.462,.920,.325,27,45
2021-02-03,CHI,-4,103.0,107.0,NYK,.489,.688,.167,25,38,.483,.667,.500,19,47
2021-02-03,CLE,-22,99.0,121.0,LAC,.446,.765,.400,21,37,.557,.765,.588,22,46
2021-02-03,MIA,-3,100.0,103.0,WAS,.434,.727,.343,24,44,.417,.720,.405,20,49
2021-02-03,OKC,17,104.0,87.0,HOU,.434,.846,.303,19,51,.384,.692,.261,21,41
2021-02-03,SAS,3,111.0,108.0,MIN,.448,.750,.269,28,45,.457,.818,.394,22,49
2021-02-03,NOP,22,123.0,101.0,PHO,.511,.810,.424,30,44,.463,.850,.229,26,39
2021-02-03,SAC,5,116.0,111.0,BOS,.457,.826,.351,23,44,.453,.759,.333,28,45
2021-02-04,ATL,-21,91.0,112.0,UTA,.327,.947,.290,19,49,.484,.846,.481,19,52
2021-02-04,DAL,-31,116.0,147.0,GSW,.413,.870,.400,26,42,.573,.852,.512,37,45
2021-02-04,PHI,-16,105.0,121.0,POR,.481,.833,.259,19,37,.459,.783,.419,17,53
2021-02-04,MEM,-12,103.0,115.0,HOU,.425,.708,.343,28,43,.471,.824,.422,26,44
2021-02-04,LAL,21,114.0,93.0,DEN,.568,.636,.333,29,40,.391,.867,.286,19,42
2021-02-05,IND,-1,113.0,114.0,NOP,.441,.688,.476,31,37,.539,.731,.520,23,50
2021-02-05,ORL,4,123.0,119.0,CHI,.519,.757,.407,27,49,.479,.900,.300,27,40
2021-02-05,BRK,-6,117.0,123.0,TOR,.488,.759,.405,29,40,.505,.857,.406,22,41
2021-02-05,CLE,-18,105.0,123.0,MIL,.446,.750,.344,23,36,.515,.727,.318,28,54
2021-02-05,CHO,-17,121.0,138.0,UTA,.462,.824,.314,26,40,.552,.889,.520,32,44
2021-02-05,MIA,27,122.0,95.0,WAS,.500,.870,.444,27,48,.371,.875,.242,19,40
2021-02-05,OKC,-3,103.0,106.0,MIN,.459,.706,.382,28,44,.436,.889,.400,27,43
2021-02-05,PHO,17,109.0,92.0,DET,.494,.813,.375,26,50,.374,.607,.194,20,45
2021-02-05,LAC,-4,115.0,119.0,BOS,.519,.810,.438,26,47,.478,.810,.421,21,34
2021-02-06,NYK,11,110.0,99.0,POR,.500,.692,.433,20,51,.416,.500,.362,15,41
2021-02-06,SAC,5,119.0,114.0,DEN,.484,.708,.400,30,45,.464,.786,.371,30,47
2021-02-06,ORL,-26,92.0,118.0,CHI,.389,1.000,.222,17,47,.516,.692,.500,28,47
2021-02-06,ATL,11,132.0,121.0,TOR,.568,.879,.528,31,43,.423,.765,.342,24,38
2021-02-06,CLE,-25,99.0,124.0,MIL,.453,.714,.214,21,40,.547,.609,.471,25,43
2021-02-06,HOU,-5,106.0,111.0,SAS,.432,.720,.316,21,46,.425,.806,.320,22,44
2021-02-06,OKC,2,120.0,118.0,MIN,.511,.800,.364,25,43,.505,.545,.333,27,40
2021-02-06,PHI,16,124.0,108.0,BRK,.511,.818,.370,27,51,.443,.882,.366,21,34
2021-02-06,DAL,2,134.0,132.0,GSW,.458,.833,.447,27,47,.535,.870,.444,27,40
2021-02-06,NOP,9,118.0,109.0,MEM,.517,.619,.455,27,42,.444,.842,.333,27,45
2021-02-06,LAL,6,135.0,129.0,DET,.560,.857,.474,32,41,.479,.821,.381,31,35
2021-02-07,CHO,22,119.0,97.0,WAS,.424,.769,.417,21,59,.378,.714,.225,22,48
2021-02-07,IND,-8,95.0,103.0,UTA,.398,.722,.276,23,45,.413,.667,.310,22,60
2021-02-07,NYK,-6,103.0,109.0,MIA,.447,.733,.381,23,44,.482,.800,.371,25,44
2021-02-07,PHO,9,100.0,91.0,BOS,.488,1.000,.276,25,50,.355,.667,.386,19,41
2021-02-07,LAC,-3,110.0,113.0,SAC,.414,.870,.286,19,53,.489,.733,.345,25,52
2021-02-08,CHO,25,119.0,94.0,HOU,.489,.923,.463,28,51,.407,.688,.277,20,39
2021-02-08,CHI,-4,101.0,105.0,WAS,.424,.833,.300,23,50,.419,.750,.231,23,47
2021-02-08,MEM,-15,113.0,128.0,TOR,.425,.897,.333,27,42,.545,.923,.541,28,37
2021-02-08,DAL,5,127.0,122.0,MIN,.517,.833,.353,30,48,.462,.714,.429,27,41
2021-02-08,SAS,5,105.0,100.0,GSW,.406,.842,.355,24,46,.442,.733,.351,29,49
2021-02-08,PHO,6,119.0,113.0,CLE,.522,.737,.458,29,41,.512,.680,.333,23,39
2021-02-08,DEN,-13,112.0,125.0,MIL,.436,.938,.417,22,38,.506,.864,.400,24,50
2021-02-08,LAL,7,119.0,112.0,OKC,.463,.759,.237,28,59,.391,.737,.316,23,55
2021-02-09,DET,11,122.0,111.0,BRK,.560,.714,.448,28,37,.500,.875,.355,30,34
2021-02-09,MIA,2,98.0,96.0,NYK,.371,.821,.424,21,38,.425,.750,.357,22,46
2021-02-09,NOP,29,130.0,101.0,HOU,.511,.857,.387,31,55,.418,.571,.302,24,37
2021-02-09,SAS,-23,91.0,114.0,GSW,.372,.905,.333,20,45,.462,.684,.425,26,50
2021-02-09,POR,9,106.0,97.0,ORL,.389,.947,.391,18,54,.420,.545,.314,22,53
2021-02-09,SAC,-8,111.0,119.0,PHI,.434,.579,.333,24,39,.482,.800,.450,24,59
2021-02-09,UTA,14,122.0,108.0,BOS,.476,.889,.375,28,41,.442,.826,.448,18,35
