DATE,HOME_ABBR,VISITOR_ABBR,PTS_home,PTS_away,margin,FG_PCT_home,FT_PCT_home,FG3_PCT_home,AST_home,REB_home,FG_PCT_away,FT_PCT_away,FG3_PCT_away,AST_away,REB_away,HOME_TEAM_WINS
2020-12-22,BRK,GSW,125.0,99.0,26,0.457,0.813,0.429,24,57,0.374,0.652,0.303,26,47,1
2020-12-22,LAL,LAC,109.0,116.0,-7,0.469,0.774,0.31,22,45,0.473,0.737,0.35,22,40,0
2020-12-23,CLE,CHO,121.0,114.0,7,0.529,0.75,0.467,34,50,0.5,0.5329999999999999,0.364,29,32,1
2020-12-23,IND,NYK,121.0,107.0,14,0.489,0.7240000000000001,0.235,28,50,0.459,0.7390000000000001,0.429,25,40,1
2020-12-23,ORL,MIA,113.0,107.0,6,0.477,0.633,0.35700000000000004,23,41,0.506,0.8420000000000001,0.35,25,43,1
2020-12-23,PHI,WAS,113.0,107.0,6,0.471,0.767,0.28600000000000003,22,47,0.459,0.696,0.481,28,40,1
2020-12-23,TOR,NOP,99.0,113.0,-14,0.4270000000000001,0.75,0.304,26,35,0.525,0.5,0.452,30,45,0
2020-12-23,BOS,MIL,122.0,121.0,1,0.475,0.727,0.45,23,37,0.511,0.833,0.4,19,52,1
2020-12-23,CHI,ATL,104.0,124.0,-20,0.414,0.857,0.229,20,37,0.5379999999999999,0.828,0.4,24,46,0
2020-12-23,MEM,SAS,119.0,131.0,-12,0.516,0.611,0.37,27,42,0.505,0.862,0.4,28,48,0
2020-12-23,MIN,DET,111.0,101.0,10,0.4320000000000001,0.857,0.268,25,48,0.484,0.375,0.229,29,44,1
2020-12-23,DEN,SAC,122.0,124.0,-2,0.48,0.833,0.276,28,46,0.441,0.774,0.32299999999999995,27,54,0
2020-12-23,POR,UTA,100.0,120.0,-20,0.402,0.8240000000000001,0.364,23,40,0.457,0.789,0.38,24,59,0
2020-12-23,PHO,DAL,106.0,102.0,4,0.481,0.7040000000000001,0.3670000000000001,21,48,0.424,0.8079999999999999,0.243,17,39,1
2020-12-25,MIA,NOP,111.0,98.0,13,0.507,0.826,0.4320000000000001,29,35,0.397,0.7879999999999999,0.28600000000000003,18,41,1
2020-12-25,MIL,GSW,138.0,99.0,39,0.556,0.6920000000000001,0.556,25,60,0.343,0.84,0.222,14,43,1
2020-12-25,BOS,BRK,95.0,123.0,-28,0.378,0.684,0.29600000000000004,23,47,0.539,0.8390000000000001,0.517,21,43,0
2020-12-25,LAL,DAL,138.0,115.0,23,0.56,0.708,0.487,33,53,0.494,0.769,0.406,20,27,1
2020-12-25,DEN,LAC,108.0,121.0,-13,0.457,0.742,0.306,25,32,0.5539999999999999,0.833,0.5,32,38,0
2020-12-26,MEM,ATL,112.0,122.0,-10,0.398,0.862,0.302,20,46,0.4270000000000001,0.868,0.361,23,54,0
2020-12-26,CHO,OKC,107.0,109.0,-2,0.398,0.625,0.406,27,47,0.455,0.792,0.278,25,54,0
2020-12-26,DET,CLE,119.0,128.0,-9,0.408,0.7190000000000001,0.35600000000000004,24,57,0.485,0.633,0.433,29,51,0
2020-12-26,WAS,ORL,120.0,130.0,-10,0.484,0.536,0.35100000000000003,28,43,0.505,0.7929999999999999,0.355,25,54,0
2020-12-26,NYK,PHI,89.0,109.0,-20,0.386,0.7390000000000001,0.276,19,43,0.466,0.727,0.355,20,47,0
2020-12-26,CHI,IND,106.0,125.0,-19,0.374,0.88,0.41,23,41,0.5589999999999999,0.632,0.34600000000000003,34,49,0
2020-12-26,SAS,TOR,119.0,114.0,5,0.47,0.688,0.412,36,53,0.458,0.733,0.366,32,46,1
2020-12-26,UTA,MIN,111.0,116.0,-5,0.383,0.784,0.294,15,57,0.446,0.722,0.448,21,40,0
2020-12-26,POR,HOU,128.0,126.0,2,0.461,0.652,0.422,27,45,0.517,0.7809999999999999,0.314,27,42,1
2020-12-26,SAC,PHO,106.0,103.0,3,0.453,0.6970000000000001,0.217,20,56,0.418,0.769,0.25,25,40,1
2020-12-27,LAC,DAL,73.0,124.0,-51,0.342,0.85,0.121,13,36,0.494,0.889,0.341,25,54,0
2020-12-27,NOP,SAS,98.0,95.0,3,0.383,0.7240000000000001,0.208,15,56,0.4270000000000001,1.0,0.306,26,47,1
2020-12-27,WAS,ORL,113.0,120.0,-7,0.485,0.846,0.25,27,47,0.435,0.974,0.36,19,45,0
2020-12-27,CHO,BRK,106.0,104.0,2,0.448,0.588,0.294,35,52,0.4270000000000001,0.68,0.362,23,46,1
2020-12-27,CLE,PHI,118.0,94.0,24,0.527,0.813,0.391,31,45,0.418,0.727,0.324,24,39,1
2020-12-27,NYK,MIL,130.0,110.0,20,0.541,0.815,0.593,27,46,0.4320000000000001,0.7240000000000001,0.184,24,44,1
2020-12-27,IND,BOS,108.0,107.0,1,0.511,0.733,0.269,23,37,0.506,0.75,0.391,21,40,1
2020-12-27,CHI,GSW,128.0,129.0,-1,0.512,0.742,0.415,27,54,0.404,0.9,0.383,25,41,0
2020-12-27,SAC,PHO,100.0,116.0,-16,0.474,0.72,0.435,21,39,0.489,0.909,0.4,34,44,0
2020-12-27,LAL,MIN,127.0,91.0,36,0.556,0.778,0.371,32,46,0.369,0.643,0.171,24,48,1
2020-12-28,BRK,MEM,111.0,116.0,-5,0.41,0.882,0.333,28,50,0.429,0.759,0.345,20,56,0
2020-12-28,ATL,DET,128.0,120.0,8,0.488,0.875,0.476,30,45,0.439,0.875,0.317,24,48,1
2020-12-28,OKC,UTA,109.0,110.0,-1,0.465,0.737,0.395,21,37,0.5,0.7859999999999999,0.361,24,43,0
2020-12-28,DEN,HOU,124.0,111.0,13,0.529,0.563,0.452,31,52,0.453,0.7390000000000001,0.41,25,38,1
2020-12-28,LAL,POR,107.0,115.0,-8,0.471,0.833,0.37,20,41,0.467,0.867,0.348,27,45,0
2020-12-29,CLE,NYK,86.0,95.0,-9,0.364,0.682,0.219,22,43,0.43,0.619,0.56,23,55,0
2020-12-29,DET,GSW,106.0,116.0,-10,0.38,0.7929999999999999,0.371,21,45,0.5,0.722,0.424,21,40,0
2020-12-29,IND,BOS,111.0,116.0,-5,0.512,0.813,0.364,27,36,0.5,0.73,0.409,21,43,0
2020-12-29,WAS,CHI,107.0,115.0,-8,0.44,0.885,0.27,25,47,0.4370000000000001,0.75,0.417,26,37,0
2020-12-29,PHI,TOR,100.0,93.0,7,0.381,0.848,0.258,21,54,0.35600000000000004,0.857,0.378,21,47,1
2020-12-29,MIA,MIL,97.0,144.0,-47,0.468,0.667,0.297,23,30,0.5539999999999999,0.867,0.569,32,45,0
2020-12-29,OKC,ORL,107.0,118.0,-11,0.494,0.526,0.324,20,47,0.51,0.813,0.318,26,46,0
2020-12-29,PHO,NOP,111.0,86.0,25,0.44,0.947,0.404,24,43,0.481,0.5,0.125,18,41,1
2020-12-29,SAC,DEN,125.0,115.0,10,0.489,0.773,0.485,33,37,0.5429999999999999,0.8,0.393,27,39,1
2020-12-29,LAC,MIN,124.0,101.0,23,0.534,0.875,0.516,32,46,0.416,0.8240000000000001,0.342,22,39,1
2020-12-30,MIA,MIL,119.0,108.0,11,0.488,0.828,0.385,25,52,0.392,0.923,0.39,26,47,1
2020-12-30,BRK,ATL,145.0,141.0,4,0.54,0.7829999999999999,0.463,30,40,0.475,0.8290000000000001,0.391,27,54,1
2020-12-30,BOS,MEM,126.0,107.0,19,0.5379999999999999,0.857,0.41,27,42,0.43,0.72,0.273,26,46,1
2020-12-30,DAL,CHO,99.0,118.0,-19,0.391,0.5760000000000001,0.28600000000000003,24,39,0.512,0.81,0.441,30,50,0
2020-12-30,SAS,LAL,107.0,121.0,-14,0.46,0.7390000000000001,0.417,25,39,0.561,0.75,0.5379999999999999,25,47,0
2020-12-30,LAC,POR,128.0,105.0,23,0.495,0.727,0.474,30,47,0.421,0.853,0.316,14,41,1
2020-12-31,IND,CLE,119.0,99.0,20,0.483,0.792,0.457,28,44,0.451,0.542,0.522,22,43,1
2020-12-31,WAS,CHI,130.0,133.0,-3,0.5,0.78,0.483,27,37,0.5429999999999999,0.76,0.389,34,44,0
2020-12-31,ORL,PHI,92.0,116.0,-24,0.34700000000000003,0.905,0.25,17,48,0.484,0.867,0.455,23,54,0
2020-12-31,HOU,SAC,122.0,119.0,3,0.523,0.76,0.361,26,45,0.469,0.75,0.333,23,45,1
2020-12-31,TOR,NYK,100.0,83.0,17,0.41,0.7140000000000001,0.327,21,53,0.364,0.8,0.083,21,48,1
2020-12-31,OKC,NOP,80.0,113.0,-33,0.375,0.333,0.313,24,40,0.484,0.632,0.361,23,58,0
2020-12-31,UTA,PHO,95.0,106.0,-11,0.417,0.684,0.353,16,46,0.488,0.7,0.515,26,41,0
2021-01-01,CHO,MEM,93.0,108.0,-15,0.407,0.667,0.29,23,42,0.478,0.8,0.359,34,48,0
2021-01-01,DAL,MIA,93.0,83.0,10,0.41,0.7390000000000001,0.324,18,49,0.3720000000000001,0.72,0.212,20,41,1
2021-01-01,DET,BOS,96.0,93.0,3,0.409,0.65,0.324,18,48,0.47,0.5,0.258,20,44,1
2021-01-01,BRK,ATL,96.0,114.0,-18,0.407,0.826,0.189,19,45,0.462,0.857,0.41,24,48,0
2021-01-01,MIL,CHI,126.0,96.0,30,0.494,0.667,0.489,27,44,0.4370000000000001,0.7,0.231,18,42,1
2021-01-01,MIN,WAS,109.0,130.0,-21,0.477,0.5710000000000001,0.361,17,43,0.551,0.762,0.485,35,43,0
2021-01-01,SAS,LAL,103.0,109.0,-6,0.424,0.6920000000000001,0.382,23,45,0.406,0.813,0.424,27,58,0
2021-01-01,DEN,PHO,103.0,106.0,-3,0.453,0.813,0.414,28,38,0.487,0.905,0.371,24,37,0
2021-01-01,UTA,LAC,106.0,100.0,6,0.461,0.643,0.35700000000000004,28,46,0.388,0.875,0.394,19,43,1
2021-01-01,GSW,POR,98.0,123.0,-25,0.392,0.879,0.2,19,44,0.435,0.767,0.465,23,51,0
2021-01-02,HOU,SAC,102.0,94.0,8,0.444,0.7390000000000001,0.317,15,48,0.389,0.7140000000000001,0.321,11,47,1
2021-01-02,IND,NYK,102.0,106.0,-4,0.405,0.833,0.38,22,32,0.506,0.769,0.444,23,51,0
2021-01-02,ORL,OKC,99.0,108.0,-9,0.37,0.75,0.263,21,55,0.442,0.905,0.317,22,52,0
2021-01-02,PHI,CHO,127.0,112.0,15,0.595,0.708,0.457,35,45,0.413,0.885,0.371,34,40,1
2021-01-02,ATL,CLE,91.0,96.0,-5,0.412,0.526,0.344,22,48,0.418,0.765,0.241,19,46,0
2021-01-02,NOP,TOR,120.0,116.0,4,0.422,0.7659999999999999,0.368,26,50,0.418,0.963,0.292,21,40,1
2021-01-03,DET,BOS,120.0,122.0,-2,0.477,0.88,0.444,29,33,0.563,0.6920000000000001,0.455,35,41,0
2021-01-03,BRK,WAS,122.0,123.0,-1,0.494,0.903,0.438,25,51,0.413,0.735,0.364,27,49,0
2021-01-03,MEM,LAL,94.0,108.0,-14,0.411,0.875,0.273,23,50,0.461,0.737,0.343,24,49,0
2021-01-03,MIN,DEN,109.0,124.0,-15,0.518,0.688,0.32299999999999995,30,36,0.489,0.7140000000000001,0.422,34,43,0
2021-01-03,SAS,UTA,109.0,130.0,-21,0.419,0.7140000000000001,0.316,23,45,0.551,0.579,0.512,29,57,0
2021-01-03,CHI,DAL,118.0,108.0,10,0.459,0.9,0.35100000000000003,16,48,0.438,0.7040000000000001,0.262,23,41,1
2021-01-03,PHO,LAC,107.0,112.0,-5,0.493,0.821,0.303,23,40,0.482,0.789,0.586,24,37,0
2021-01-03,GSW,POR,137.0,122.0,15,0.557,0.765,0.382,23,53,0.418,0.7879999999999999,0.326,16,40,1
2021-01-04,ORL,CLE,103.0,83.0,20,0.4320000000000001,0.923,0.441,22,54,0.388,0.583,0.35700000000000004,20,35,1
2021-01-04,PHI,CHO,118.0,101.0,17,0.484,0.652,0.344,34,55,0.419,0.727,0.333,30,47,1
2021-01-04,ATL,NYK,108.0,113.0,-5,0.46,0.7829999999999999,0.32299999999999995,24,40,0.506,0.8,0.333,26,45,0
2021-01-04,MIA,OKC,118.0,90.0,28,0.568,0.556,0.471,34,47,0.3670000000000001,0.7040000000000001,0.271,20,38,1
2021-01-04,TOR,BOS,114.0,126.0,-12,0.4,0.763,0.35100000000000003,20,37,0.488,0.853,0.517,19,56,0
2021-01-04,HOU,DAL,100.0,113.0,-13,0.39,0.8059999999999999,0.275,17,35,0.476,0.95,0.41,24,51,0
2021-01-04,MIL,DET,125.0,115.0,10,0.5760000000000001,0.813,0.412,32,49,0.439,1.0,0.425,27,31,1
2021-01-04,NOP,IND,116.0,118.0,-2,0.436,0.792,0.333,26,57,0.484,0.6920000000000001,0.422,32,42,0
2021-01-04,GSW,SAC,137.0,106.0,31,0.526,0.857,0.535,41,48,0.378,0.718,0.28600000000000003,20,52,1
2021-01-05,BRK,UTA,130.0,96.0,34,0.5589999999999999,0.75,0.389,31,51,0.384,0.7040000000000001,0.324,17,41,1
2021-01-05,MEM,LAL,92.0,94.0,-2,0.414,0.769,0.385,24,38,0.4370000000000001,0.818,0.29,24,52,0
2021-01-05,DEN,MIN,123.0,116.0,7,0.519,0.733,0.32,22,42,0.462,0.778,0.324,24,42,1
2021-01-05,LAC,SAS,113.0,116.0,-3,0.5,0.923,0.429,29,45,0.458,0.727,0.5,23,44,0
2021-01-05,POR,CHI,108.0,111.0,-3,0.415,0.647,0.373,23,46,0.44,0.833,0.39,27,52,0
2021-01-06,IND,HOU,114.0,107.0,7,0.472,0.8079999999999999,0.391,21,38,0.481,0.8079999999999999,0.267,19,39,1
2021-01-06,ORL,CLE,105.0,94.0,11,0.494,0.722,0.414,20,43,0.424,0.6920000000000001,0.154,24,45,1
2021-01-06,PHI,WAS,141.0,136.0,5,0.617,0.6970000000000001,0.621,33,35,0.5,0.743,0.4320000000000001,27,35,1
2021-01-06,ATL,CHO,94.0,102.0,-8,0.375,0.833,0.175,25,57,0.376,0.818,0.306,22,49,0
2021-01-06,MIA,BOS,105.0,107.0,-2,0.4320000000000001,0.846,0.361,26,42,0.424,0.917,0.343,22,53,0
2021-01-06,NYK,UTA,112.0,100.0,12,0.517,0.737,0.364,22,48,0.44,0.545,0.318,20,42,1
2021-01-06,MIL,DET,130.0,115.0,15,0.544,0.619,0.442,35,47,0.392,0.867,0.317,20,47,1
2021-01-06,NOP,OKC,110.0,111.0,-1,0.494,0.7829999999999999,0.182,25,52,0.46,0.75,0.413,28,38,0
2021-01-06,PHO,TOR,123.0,115.0,8,0.482,0.917,0.525,30,41,0.494,0.7190000000000001,0.4,18,42,1
2021-01-06,GSW,LAC,101.0,108.0,-7,0.453,0.789,0.267,25,35,0.444,1.0,0.324,19,48,0
2021-01-06,SAC,CHI,128.0,124.0,4,0.516,0.741,0.378,30,39,0.527,0.8,0.35,27,43,1
2021-01-07,BRK,PHI,122.0,109.0,13,0.454,0.655,0.405,30,48,0.471,0.9,0.34600000000000003,23,47,1
2021-01-07,MEM,CLE,90.0,94.0,-4,0.434,0.875,0.355,27,48,0.456,0.563,0.433,24,37,0
2021-01-07,DEN,DAL,117.0,124.0,-7,0.443,0.762,0.341,25,47,0.483,0.774,0.4,27,44,0
2021-01-07,LAL,SAS,109.0,118.0,-9,0.5,0.619,0.333,21,48,0.467,0.941,0.457,28,40,0
2021-01-07,POR,MIN,135.0,117.0,18,0.544,0.826,0.439,25,44,0.419,0.758,0.341,24,48,1
2021-01-08,DET,PHO,110.0,105.0,5,0.411,0.862,0.324,23,46,0.451,0.462,0.327,24,50,1
2021-01-08,BOS,WAS,116.0,107.0,9,0.477,0.733,0.375,21,49,0.466,0.875,0.379,22,38,1
2021-01-08,NOP,CHO,110.0,118.0,-8,0.494,0.731,0.395,29,36,0.471,0.8,0.381,33,45,0
2021-01-08,NYK,OKC,89.0,101.0,-12,0.354,0.6,0.333,19,49,0.4370000000000001,0.667,0.324,16,62,0
2021-01-08,HOU,ORL,132.0,90.0,42,0.56,0.727,0.468,34,49,0.382,0.875,0.276,17,42,1
2021-01-08,MEM,BRK,115.0,110.0,5,0.459,0.857,0.406,29,46,0.469,0.952,0.452,26,42,1
2021-01-08,MIL,UTA,118.0,131.0,-13,0.449,0.81,0.31,18,45,0.505,0.615,0.472,31,50,0
2021-01-08,GSW,LAC,115.0,105.0,10,0.488,0.833,0.488,25,38,0.482,0.846,0.452,23,37,1
2021-01-08,LAL,CHI,117.0,115.0,2,0.506,0.852,0.414,21,42,0.505,0.929,0.385,26,41,1
2021-01-08,SAC,TOR,123.0,144.0,-21,0.568,0.5710000000000001,0.441,36,26,0.5820000000000001,0.818,0.513,30,44,0
2021-01-09,PHI,DEN,103.0,115.0,-12,0.417,0.6,0.314,23,48,0.5,0.867,0.364,28,45,0
2021-01-09,CHO,ATL,113.0,105.0,8,0.519,0.75,0.455,27,41,0.382,0.821,0.311,25,47,1
2021-01-09,IND,PHO,117.0,125.0,-8,0.478,0.708,0.414,23,52,0.489,1.0,0.39,33,40,0
2021-01-09,WAS,MIA,124.0,128.0,-4,0.444,0.75,0.375,25,39,0.495,0.769,0.3720000000000001,32,61,0
2021-01-09,MIL,CLE,100.0,90.0,10,0.44,0.778,0.333,25,45,0.414,0.688,0.269,16,47,1
2021-01-09,MIN,SAS,122.0,125.0,-3,0.5,0.647,0.5,29,53,0.436,0.828,0.406,22,48,0
2021-01-09,DAL,ORL,112.0,98.0,14,0.494,0.778,0.5,25,44,0.4270000000000001,0.727,0.194,17,43,1
2021-01-09,SAC,POR,99.0,125.0,-26,0.407,0.7140000000000001,0.267,21,47,0.44,0.87,0.415,26,50,0
2021-01-10,DET,UTA,86.0,96.0,-10,0.333,0.857,0.238,21,39,0.4270000000000001,0.682,0.314,17,63,0
2021-01-10,LAC,CHI,130.0,127.0,3,0.489,0.8,0.526,28,35,0.61,0.882,0.545,30,38,1
2021-01-10,BRK,OKC,116.0,129.0,-13,0.506,0.833,0.294,23,43,0.544,0.941,0.385,24,34,0
2021-01-10,NYK,DEN,89.0,114.0,-25,0.4320000000000001,0.76,0.28600000000000003,19,36,0.536,0.75,0.429,23,43,0
2021-01-10,HOU,LAL,102.0,120.0,-18,0.411,0.696,0.293,22,43,0.505,0.75,0.345,28,49,0
2021-01-10,MIN,SAS,96.0,88.0,8,0.42,0.826,0.34600000000000003,19,52,0.383,0.5710000000000001,0.267,21,45,1
2021-01-10,GSW,TOR,106.0,105.0,1,0.409,0.895,0.28300000000000003,30,51,0.406,0.636,0.342,20,48,1
2021-01-11,CHO,NYK,109.0,88.0,21,0.487,0.87,0.406,28,37,0.391,0.647,0.243,20,49,1
2021-01-11,CLE,MEM,91.0,101.0,-10,0.451,0.429,0.423,20,40,0.513,0.762,0.25,32,40,0
2021-01-11,ORL,MIL,99.0,121.0,-22,0.429,0.769,0.355,24,44,0.505,0.8,0.371,25,43,0
2021-01-11,WAS,PHO,128.0,107.0,21,0.522,0.607,0.441,29,53,0.448,0.833,0.14800000000000002,21,42,1
2021-01-11,ATL,PHI,112.0,94.0,18,0.374,0.778,0.386,20,58,0.402,0.923,0.222,20,50,1
2021-01-11,POR,TOR,112.0,111.0,1,0.458,0.88,0.333,18,42,0.449,1.0,0.404,27,43,1
2021-01-11,SAC,IND,127.0,122.0,5,0.56,0.7829999999999999,0.469,29,44,0.485,0.833,0.333,26,37,1
2021-01-12,PHI,MIA,137.0,134.0,3,0.49,0.72,0.345,32,52,0.462,0.792,0.339,27,46,1
2021-01-12,BRK,DEN,122.0,116.0,6,0.608,0.667,0.5,31,41,0.5,0.625,0.486,28,32,1
2021-01-12,CLE,UTA,87.0,117.0,-30,0.389,0.643,0.258,23,40,0.5,0.75,0.5329999999999999,26,48,0
2021-01-12,HOU,LAL,100.0,117.0,-17,0.392,0.75,0.3,23,42,0.5,0.7040000000000001,0.438,26,55,0
2021-01-12,OKC,SAS,102.0,112.0,-10,0.434,0.7929999999999999,0.269,18,52,0.4320000000000001,0.909,0.28600000000000003,26,46,0
2021-01-12,GSW,IND,95.0,104.0,-9,0.382,0.636,0.342,25,46,0.443,0.68,0.321,26,50,0
2021-01-13,CHO,DAL,93.0,104.0,-11,0.38,0.5,0.263,26,53,0.417,0.563,0.326,22,54,0
2021-01-13,DET,MIL,101.0,110.0,-9,0.391,0.682,0.4,25,47,0.482,0.643,0.442,31,48,0
2021-01-13,NYK,BRK,109.0,116.0,-7,0.478,0.833,0.393,22,43,0.484,0.706,0.4,29,46,0
2021-01-13,MIN,MEM,107.0,118.0,-11,0.433,0.833,0.243,27,48,0.472,0.769,0.32,33,47,0
2021-01-13,OKC,LAL,99.0,128.0,-29,0.43,0.789,0.32299999999999995,23,42,0.495,0.773,0.459,26,50,0
2021-01-13,LAC,NOP,111.0,106.0,5,0.473,0.852,0.486,26,36,0.477,0.75,0.35700000000000004,18,48,1
2021-01-13,SAC,POR,126.0,132.0,-6,0.524,0.731,0.5,35,42,0.489,0.778,0.479,28,38,0
2021-01-14,PHI,MIA,125.0,108.0,17,0.537,0.833,0.459,27,35,0.494,0.615,0.353,28,41,1
2021-01-14,SAS,HOU,105.0,109.0,-4,0.457,0.75,0.29,26,41,0.488,0.632,0.394,25,49,0
2021-01-14,TOR,CHO,111.0,108.0,3,0.455,0.846,0.4,33,40,0.483,0.75,0.429,32,44,1
2021-01-14,DEN,GSW,114.0,104.0,10,0.456,0.778,0.297,29,50,0.469,0.708,0.379,29,43,1
2021-01-14,POR,IND,87.0,111.0,-24,0.368,1.0,0.302,16,43,0.478,0.778,0.3,29,50,0
2021-01-15,BOS,ORL,124.0,97.0,27,0.511,0.895,0.405,25,45,0.404,0.636,0.25,14,46,1
2021-01-15,CLE,NYK,106.0,103.0,3,0.456,0.735,0.333,26,48,0.488,0.875,0.36,20,39,1
2021-01-15,MIL,DAL,112.0,109.0,3,0.448,0.48,0.378,22,57,0.464,0.462,0.361,22,51,1
2021-01-15,OKC,CHI,127.0,125.0,2,0.457,0.667,0.333,26,44,0.473,0.72,0.457,27,56,1
2021-01-15,UTA,ATL,116.0,92.0,24,0.467,0.7140000000000001,0.455,27,53,0.413,0.733,0.179,21,41,1
2021-01-15,LAL,NOP,112.0,95.0,17,0.419,0.731,0.405,31,44,0.477,0.5,0.31,22,47,1
2021-01-15,SAC,LAC,100.0,138.0,-38,0.471,0.706,0.308,23,32,0.584,0.8,0.514,29,47,0
2021-01-16,SAS,HOU,103.0,91.0,12,0.4,0.7829999999999999,0.208,19,58,0.369,0.63,0.375,20,51,1
2021-01-16,BRK,ORL,122.0,115.0,7,0.5379999999999999,0.88,0.457,24,41,0.463,0.813,0.304,28,38,1
2021-01-16,TOR,CHO,116.0,113.0,3,0.419,0.885,0.429,28,43,0.4370000000000001,0.759,0.417,26,48,1
2021-01-16,MEM,PHI,106.0,104.0,2,0.434,0.667,0.276,27,43,0.44,0.7190000000000001,0.28,23,53,1
2021-01-16,MIA,DET,100.0,120.0,-20,0.478,0.889,0.414,25,31,0.505,0.667,0.391,34,39,0
2021-01-16,POR,ATL,112.0,106.0,6,0.388,0.85,0.341,18,55,0.4370000000000001,0.857,0.2,24,48,1
2021-01-17,BOS,NYK,75.0,105.0,-30,0.298,0.621,0.152,15,43,0.475,0.81,0.387,22,53,0
2021-01-17,DAL,CHI,101.0,117.0,-16,0.441,0.579,0.258,18,47,0.506,0.727,0.28,32,47,0
2021-01-17,DEN,UTA,105.0,109.0,-4,0.4,0.733,0.378,25,52,0.513,0.5710000000000001,0.405,24,36,0
2021-01-17,SAC,NOP,123.0,128.0,-5,0.516,0.889,0.333,23,33,0.529,0.794,0.5,24,48,0
2021-01-17,LAC,IND,129.0,96.0,33,0.552,0.7,0.487,27,52,0.416,0.688,0.289,28,33,1
2021-01-18,NYK,ORL,91.0,84.0,7,0.35600000000000004,0.706,0.185,15,53,0.337,0.875,0.316,18,51,1
2021-01-18,ATL,MIN,108.0,97.0,11,0.468,0.92,0.393,32,48,0.396,0.688,0.378,22,39,1
2021-01-18,POR,SAS,104.0,125.0,-21,0.433,0.8420000000000001,0.28600000000000003,20,34,0.5329999999999999,0.875,0.455,33,48,0
2021-01-18,MEM,PHO,108.0,104.0,4,0.494,0.75,0.423,31,40,0.455,0.563,0.417,30,44,1
2021-01-18,BRK,MIL,125.0,123.0,2,0.5479999999999999,0.857,0.484,26,49,0.438,0.833,0.289,21,41,1
2021-01-18,TOR,DAL,116.0,93.0,23,0.5,0.889,0.364,23,46,0.378,0.815,0.25,21,38,1
2021-01-18,CHI,HOU,125.0,120.0,5,0.467,0.905,0.444,23,47,0.523,0.647,0.425,25,36,1
2021-01-18,MIA,DET,113.0,107.0,6,0.573,0.789,0.4,23,36,0.463,0.75,0.35100000000000003,24,32,1
2021-01-18,LAL,GSW,113.0,115.0,-2,0.482,0.727,0.31,23,50,0.506,0.75,0.324,31,32,0
2021-01-19,DEN,OKC,119.0,101.0,18,0.438,0.929,0.333,29,58,0.419,0.652,0.326,22,41,1
2021-01-19,UTA,NOP,118.0,102.0,16,0.506,0.647,0.447,28,54,0.453,0.667,0.231,17,38,1
2021-01-20,CLE,BRK,147.0,135.0,12,0.514,0.7140000000000001,0.5,29,50,0.453,0.889,0.366,30,52,1
2021-01-20,IND,DAL,112.0,124.0,-12,0.446,0.667,0.41,21,38,0.526,0.8240000000000001,0.29600000000000004,32,49,0
2021-01-20,PHI,BOS,117.0,109.0,8,0.462,0.8,0.333,20,41,0.472,0.65,0.364,22,45,1
2021-01-20,ATL,DET,123.0,115.0,8,0.44,0.684,0.391,21,63,0.454,0.895,0.32299999999999995,22,42,1
2021-01-20,TOR,MIA,102.0,111.0,-9,0.398,0.889,0.327,27,41,0.488,0.882,0.45,29,46,0
2021-01-20,MIN,ORL,96.0,97.0,-1,0.424,0.643,0.429,25,43,0.391,0.7140000000000001,0.32299999999999995,26,48,0
2021-01-20,HOU,PHO,103.0,109.0,-6,0.42,0.8640000000000001,0.32299999999999995,17,39,0.472,0.895,0.235,25,45,0
2021-01-20,GSW,SAS,121.0,99.0,22,0.505,0.7,0.395,31,54,0.3720000000000001,0.8059999999999999,0.121,17,43,1
2021-01-20,LAC,SAC,115.0,96.0,19,0.477,0.944,0.457,24,48,0.453,0.417,0.464,25,39,1
2021-01-21,MIL,LAL,106.0,113.0,-7,0.506,0.75,0.321,27,46,0.466,0.8,0.514,25,38,0
2021-01-21,GSW,NYK,104.0,119.0,-15,0.384,0.7440000000000001,0.237,27,46,0.463,0.78,0.458,24,55,0
2021-01-21,UTA,NOP,129.0,118.0,11,0.5,0.96,0.436,27,39,0.494,0.767,0.44,27,41,1
2021-01-22,CHO,CHI,110.0,123.0,-13,0.494,0.76,0.219,22,46,0.51,0.833,0.349,33,43,0
2021-01-22,DET,HOU,102.0,103.0,-1,0.378,0.6759999999999999,0.469,17,55,0.389,0.75,0.341,24,51,0
2021-01-22,IND,ORL,120.0,118.0,2,0.495,0.889,0.353,28,44,0.457,0.625,0.459,29,49,1
2021-01-22,CLE,BRK,125.0,113.0,12,0.517,0.8440000000000001,0.32,24,50,0.483,0.882,0.326,23,29,1
2021-01-22,PHI,BOS,122.0,110.0,12,0.556,0.833,0.429,23,45,0.456,0.8,0.4,23,32,1
2021-01-22,TOR,MIA,101.0,81.0,20,0.464,0.667,0.425,22,45,0.429,0.8,0.226,19,32,1
2021-01-22,MIN,ATL,98.0,116.0,-18,0.43,0.833,0.25,30,40,0.458,0.833,0.429,21,55,0
2021-01-22,SAS,DAL,117.0,122.0,-5,0.461,0.767,0.429,21,49,0.484,0.9,0.359,23,42,0
2021-01-22,LAC,OKC,120.0,106.0,14,0.512,0.96,0.303,21,48,0.471,0.769,0.333,24,29,1
2021-01-22,PHO,DEN,126.0,130.0,-4,0.5,1.0,0.386,30,45,0.515,0.947,0.231,32,43,0
2021-01-22,SAC,NYK,103.0,94.0,9,0.418,0.7140000000000001,0.353,21,55,0.383,0.68,0.227,19,57,1
2021-01-23,BRK,MIA,128.0,124.0,4,0.53,0.8079999999999999,0.514,34,47,0.472,0.8440000000000001,0.28300000000000003,29,31,1
2021-01-23,DET,PHI,110.0,114.0,-4,0.43,0.733,0.424,25,43,0.458,0.789,0.348,14,49,0
2021-01-23,MIN,NOP,120.0,110.0,10,0.429,0.8109999999999999,0.353,23,50,0.46,0.7140000000000001,0.303,21,42,1
2021-01-23,CHI,LAL,90.0,101.0,-11,0.393,0.727,0.32,18,45,0.456,0.8059999999999999,0.211,20,42,0
2021-01-23,DAL,HOU,108.0,133.0,-25,0.446,0.725,0.2,15,36,0.547,0.7929999999999999,0.4320000000000001,28,52,0
2021-01-23,PHO,DEN,112.0,120.0,-8,0.402,0.778,0.302,26,50,0.412,0.7809999999999999,0.417,22,65,0
2021-01-23,UTA,GSW,127.0,108.0,19,0.479,0.773,0.4,28,57,0.452,0.667,0.359,30,35,1
2021-01-24,IND,TOR,102.0,107.0,-5,0.402,0.8640000000000001,0.333,23,47,0.411,0.6920000000000001,0.429,24,45,0
2021-01-24,LAC,OKC,108.0,100.0,8,0.446,0.75,0.304,26,46,0.442,0.643,0.2,22,51,1
2021-01-24,BOS,CLE,141.0,103.0,38,0.5589999999999999,0.852,0.5,26,55,0.4,0.735,0.303,24,34,1
2021-01-24,ORL,CHO,104.0,107.0,-3,0.448,0.6920000000000001,0.447,27,43,0.477,0.563,0.389,28,43,0
2021-01-24,MIL,ATL,129.0,115.0,14,0.5489999999999999,0.7040000000000001,0.32299999999999995,32,52,0.506,0.773,0.359,27,27,1
2021-01-24,SAS,WAS,121.0,101.0,20,0.5,0.909,0.484,27,44,0.424,0.643,0.333,23,50,1
2021-01-24,POR,NYK,116.0,113.0,3,0.47,0.913,0.37,19,39,0.453,0.92,0.414,20,47,1
2021-01-25,DET,PHI,119.0,104.0,15,0.5,0.8420000000000001,0.447,22,47,0.426,0.75,0.321,15,36,1
2021-01-25,IND,TOR,129.0,114.0,15,0.513,0.8220000000000001,0.414,26,45,0.409,0.889,0.368,24,39,1
2021-01-25,ORL,CHO,117.0,108.0,9,0.477,0.636,0.514,31,49,0.438,0.7040000000000001,0.289,22,41,1
2021-01-25,BRK,MIA,98.0,85.0,13,0.4,0.8640000000000001,0.289,24,49,0.369,0.706,0.256,20,45,1
2021-01-25,CLE,LAL,108.0,115.0,-7,0.465,0.8640000000000001,0.429,19,44,0.483,0.75,0.313,21,40,0
2021-01-25,DAL,DEN,113.0,117.0,-4,0.488,0.833,0.344,26,34,0.506,0.7859999999999999,0.429,25,49,0
2021-01-25,CHI,BOS,103.0,119.0,-16,0.466,0.4,0.436,28,41,0.506,0.8,0.517,28,44,0
2021-01-25,GSW,MIN,130.0,108.0,22,0.494,0.757,0.467,21,46,0.415,0.88,0.333,26,47,1
2021-01-25,POR,OKC,122.0,125.0,-3,0.469,0.762,0.341,17,50,0.512,0.6,0.45,25,43,0
2021-01-26,ATL,LAC,108.0,99.0,9,0.463,0.96,0.385,20,46,0.404,0.8640000000000001,0.308,23,46,1
2021-01-26,HOU,WAS,107.0,88.0,19,0.42,0.7240000000000001,0.324,16,44,0.393,0.7390000000000001,0.192,19,49,1
2021-01-26,UTA,NYK,108.0,94.0,14,0.402,0.8640000000000001,0.313,24,53,0.434,0.706,0.37,15,44,1
2021-01-27,CHO,IND,106.0,116.0,-10,0.411,0.905,0.342,28,39,0.511,0.833,0.4,34,47,0
2021-01-27,CLE,DET,122.0,107.0,15,0.54,0.7390000000000001,0.524,24,37,0.451,0.759,0.407,29,40,1
2021-01-27,ORL,SAC,107.0,121.0,-14,0.417,0.944,0.385,25,47,0.489,0.654,0.424,30,50,0
2021-01-27,ATL,BRK,128.0,132.0,-4,0.479,0.893,0.394,29,37,0.531,0.85,0.344,29,36,0
2021-01-27,MIA,DEN,82.0,109.0,-27,0.375,0.818,0.289,24,38,0.457,1.0,0.326,29,49,0
2021-01-27,PHI,LAL,107.0,106.0,1,0.482,0.615,0.36,24,38,0.477,0.64,0.333,20,37,1
2021-01-27,TOR,MIL,108.0,115.0,-7,0.404,0.833,0.4,26,46,0.43,0.731,0.364,30,59,0
2021-01-27,SAS,BOS,110.0,106.0,4,0.561,0.625,0.28600000000000003,22,46,0.429,0.857,0.333,15,39,1
2021-01-27,NOP,WAS,124.0,106.0,18,0.517,0.625,0.395,27,50,0.402,0.905,0.342,29,39,1
2021-01-27,PHO,OKC,97.0,102.0,-5,0.379,0.833,0.349,19,49,0.447,0.7140000000000001,0.4,21,48,0
2021-01-27,UTA,DAL,116.0,104.0,12,0.462,0.762,0.39,20,50,0.462,0.889,0.343,22,36,1
2021-01-27,GSW,MIN,123.0,111.0,12,0.529,0.7829999999999999,0.441,32,46,0.425,0.6970000000000001,0.389,23,39,1
2021-01-28,HOU,POR,104.0,101.0,3,0.422,0.833,0.277,19,47,0.419,0.75,0.415,16,49,1
2021-01-28,DET,LAL,107.0,92.0,15,0.46,1.0,0.389,27,38,0.409,0.667,0.429,25,44,1
2021-01-28,MIA,LAC,105.0,109.0,-4,0.444,0.8,0.394,24,45,0.414,0.909,0.405,22,55,0
2021-01-28,PHO,GSW,114.0,93.0,21,0.466,0.913,0.344,34,57,0.384,0.75,0.289,21,48,1
2021-01-29,CHO,IND,108.0,105.0,3,0.506,0.667,0.4320000000000001,35,42,0.483,0.769,0.314,30,39,1
2021-01-29,WAS,ATL,100.0,116.0,-16,0.365,0.816,0.25,13,47,0.448,0.765,0.324,16,47,0
2021-01-29,NOP,MIL,131.0,126.0,5,0.469,0.7140000000000001,0.438,32,45,0.5,0.773,0.371,29,49,1
2021-01-29,NYK,CLE,102.0,81.0,21,0.488,0.875,0.37,20,41,0.345,0.833,0.308,15,43,1
2021-01-29,TOR,SAC,124.0,126.0,-2,0.488,0.818,0.406,20,35,0.551,0.774,0.444,31,38,0
2021-01-29,MIN,PHI,94.0,118.0,-24,0.4270000000000001,0.778,0.303,20,38,0.448,0.8420000000000001,0.5,20,51,0
2021-01-29,OKC,BRK,125.0,147.0,-22,0.465,0.853,0.421,23,36,0.57,0.875,0.422,33,50,0
2021-01-29,ORL,LAC,90.0,116.0,-26,0.36,0.889,0.303,20,49,0.489,1.0,0.35100000000000003,25,49,0
2021-01-29,SAS,DEN,119.0,109.0,10,0.5429999999999999,0.8079999999999999,0.435,29,41,0.526,0.65,0.452,25,37,1
2021-01-29,UTA,DAL,120.0,101.0,19,0.4370000000000001,0.923,0.417,21,56,0.43,0.667,0.273,20,40,1
2021-01-30,CHI,POR,122.0,123.0,-1,0.506,1.0,0.467,31,43,0.511,0.8420000000000001,0.405,20,35,0
2021-01-30,CHO,MIL,126.0,114.0,12,0.478,0.85,0.477,32,41,0.488,0.667,0.4,22,46,1
2021-01-30,MIA,SAC,105.0,104.0,1,0.468,0.846,0.344,25,39,0.482,0.455,0.378,22,41,1
2021-01-30,NOP,HOU,112.0,126.0,-14,0.451,0.621,0.293,27,48,0.489,0.8,0.435,32,45,0
2021-01-30,BOS,LAL,95.0,96.0,-1,0.488,0.643,0.28600000000000003,24,42,0.44,0.684,0.29,20,45,0
2021-01-30,SAS,MEM,112.0,129.0,-17,0.47,0.8079999999999999,0.448,25,38,0.56,0.667,0.486,34,45,0
2021-01-30,DAL,PHO,105.0,111.0,-6,0.53,0.5710000000000001,0.31,22,38,0.457,0.871,0.455,22,42,0
2021-01-30,GSW,DET,118.0,91.0,27,0.528,0.7,0.472,34,47,0.377,0.75,0.25,17,38,1
2021-01-31,NYK,LAC,115.0,129.0,-14,0.482,0.821,0.37,21,36,0.5429999999999999,0.857,0.447,26,38,0
2021-01-31,DEN,UTA,128.0,117.0,11,0.54,0.8420000000000001,0.643,28,39,0.4270000000000001,0.846,0.426,28,38,1
2021-01-31,IND,PHI,110.0,119.0,-9,0.488,0.818,0.35700000000000004,21,41,0.489,0.677,0.308,20,44,0
2021-01-31,TOR,ORL,115.0,102.0,13,0.456,0.955,0.308,27,48,0.402,0.821,0.361,22,42,1
2021-01-31,WAS,BRK,149.0,146.0,3,0.519,0.7809999999999999,0.308,24,39,0.568,0.818,0.528,33,45,1
2021-01-31,MIN,CLE,109.0,104.0,5,0.451,0.733,0.4,24,34,0.488,0.7829999999999999,0.25,20,55,1
2021-02-01,ATL,LAL,99.0,107.0,-8,0.474,0.8240000000000001,0.379,27,36,0.519,0.833,0.304,24,31,0
2021-02-01,MIA,CHO,121.0,129.0,-8,0.473,0.64,0.413,28,48,0.453,0.846,0.512,31,44,0
2021-02-01,CHI,NYK,110.0,102.0,8,0.477,0.75,0.324,30,40,0.425,0.846,0.207,21,45,1
2021-02-01,CLE,MIN,100.0,98.0,2,0.417,0.742,0.318,26,52,0.392,0.636,0.289,20,45,1
2021-02-01,MIL,POR,134.0,106.0,28,0.552,0.583,0.5,38,53,0.375,1.0,0.35700000000000004,19,45,1
2021-02-01,NOP,SAC,109.0,118.0,-9,0.396,0.833,0.3,22,46,0.477,0.769,0.326,31,52,0
2021-02-01,OKC,HOU,106.0,136.0,-30,0.438,0.789,0.382,21,45,0.48,0.909,0.5379999999999999,30,50,0
2021-02-01,DAL,PHO,108.0,109.0,-1,0.43,0.96,0.313,16,42,0.467,0.833,0.371,19,45,0
2021-02-01,SAS,MEM,102.0,133.0,-31,0.416,0.682,0.35100000000000003,28,42,0.5589999999999999,0.778,0.5,37,53,0
